20_to_25,25_to_30,30_to_35,35_to_40,40_to_45
459.0,439.0,518,476.0,293.0
396.0,476.0,633,458.0,312.0
322.0,344.0,345,458.0,0.0
322.0,448.0,0,345.0,217.0
246.0,159.0,892,569.0,366.0
116.0,551.0,499,792.0,199.0
12.0,430.0,480,445.0,348.0
726.0,560.0,367,316.0,390.0
324.0,531.0,312,465.0,464.0
465.0,576.0,792,453.0,228.0
0.0,485.0,352,434.0,871.0
356.0,400.0,700,481.0,173.0
554.0,394.0,342,0.0,734.0
384.0,548.0,440,523.0,376.0
544.0,0.0,418,302.0,434.0
138.0,302.0,0,480.0,265.0
636.0,144.0,387,250.0,533.0
5.0,350.0,456,609.0,378.0
348.0,522.0,398,0.0,533.0
264.0,304.0,440,792.0,420.0
0.0,443.0,421,0.0,312.0
0.0,0.0,530,550.0,237.0
0.0,620.0,461,531.0,270.0
298.0,94.0,770,589.0,65.0
0.0,328.0,0,501.0,3.0
442.0,253.0,463,395.0,530.0
137.0,44.0,377,359.0,122.0
484.0,258.0,255,316.0,412.0
291.0,512.0,0,394.0,164.0
183.0,0.0,424,0.0,224.0
321.0,212.0,700,0.0,223.0
331.0,277.0,577,437.0,44.0
392.0,320.0,345,553.0,568.0
292.0,316.0,451,501.0,237.0
0.0,386.0,577,393.0,74.0
0.0,298.0,521,0.0,304.0
497.0,797.0,341,0.0,213.0
608.0,300.0,489,436.0,1232.0
0.0,1.0,315,318.0,389.0
668.0,430.0,368,0.0,438.0
400.0,423.0,195,589.0,153.0
355.0,330.0,1,523.0,355.0
920.0,371.0,133,458.0,156.0
371.0,86.0,600,88.0,0.0
268.0,184.0,133,412.0,483.0
619.0,289.0,423,388.0,513.0
351.0,432.0,416,313.0,471.0
0.0,284.0,294,304.0,0.0
247.0,374.0,436,389.0,0.0
468.0,0.0,0,262.0,489.0
627.0,505.0,364,252.0,0.0
520.0,0.0,364,182.0,0.0
294.0,0.0,311,642.0,268.0
469.0,414.0,212,0.0,0.0
536.0,405.0,441,377.0,0.0
292.0,376.0,544,343.0,0.0
292.0,468.0,492,782.0,0.0
253.0,51.0,560,258.0,0.0
7.0,0.0,520,224.0,0.0
347.0,319.0,424,463.0,0.0
260.0,247.0,520,323.0,0.0
42.0,463.0,437,0.0,0.0
379.0,331.0,471,463.0,0.0
33.0,390.0,357,764.0,0.0
210.0,355.0,573,331.0,0.0
0.0,237.0,481,451.0,0.0
0.0,1.0,453,700.0,0.0
2.0,330.0,453,0.0,0.0
0.0,456.0,322,303.0,0.0
0.0,463.0,210,280.0,0.0
0.0,503.0,551,199.0,0.0
0.0,423.0,421,578.0,0.0
0.0,483.0,363,482.0,0.0
0.0,390.0,385,494.0,0.0
0.0,144.0,376,195.0,0.0
0.0,0.0,367,456.0,0.0
0.0,441.0,505,134.0,0.0
0.0,576.0,512,0.0,0.0
0.0,503.0,180,390.0,0.0
0.0,203.0,385,297.0,0.0
0.0,0.0,277,306.0,0.0
0.0,386.0,559,0.0,0.0
0.0,536.0,283,438.0,0.0
0.0,160.0,420,568.0,0.0
0.0,381.0,453,442.0,0.0
0.0,808.0,259,659.0,0.0
0.0,0.0,283,426.0,0.0
0.0,516.0,499,290.0,0.0
0.0,127.0,35,433.0,0.0
0.0,211.0,543,0.0,0.0
0.0,8.0,543,441.0,0.0
0.0,376.0,0,599.0,0.0
0.0,0.0,291,463.0,0.0
0.0,310.0,284,509.0,0.0
0.0,508.0,0,472.0,0.0
0.0,200.0,407,93.0,0.0
0.0,564.0,237,379.0,0.0
0.0,388.0,420,624.0,0.0
0.0,191.0,838,360.0,0.0
0.0,128.0,462,532.0,0.0
0.0,16.0,323,391.0,0.0
0.0,412.0,273,435.0,0.0
0.0,437.0,14,484.0,0.0
0.0,601.0,306,739.0,0.0
0.0,369.0,291,426.0,0.0
0.0,295.0,341,0.0,0.0
0.0,465.0,278,328.0,0.0
0.0,337.0,715,477.0,0.0
0.0,262.0,320,289.0,0.0
0.0,481.0,347,541.0,0.0
0.0,421.0,457,0.0,0.0
0.0,209.0,240,778.0,0.0
0.0,363.0,434,482.0,0.0
0.0,178.0,399,482.0,0.0
0.0,290.0,425,487.0,0.0
0.0,0.0,315,550.0,0.0
0.0,297.0,584,522.0,0.0
0.0,483.0,345,363.0,0.0
0.0,0.0,399,477.0,0.0
0.0,501.0,227,477.0,0.0
0.0,505.0,398,477.0,0.0
0.0,11.0,0,0.0,0.0
0.0,319.0,384,453.0,0.0
0.0,223.0,209,279.0,0.0
0.0,0.0,0,245.0,0.0
0.0,425.0,0,273.0,0.0
0.0,347.0,153,492.0,0.0
0.0,0.0,0,453.0,0.0
0.0,0.0,200,0.0,0.0
0.0,0.0,0,227.0,0.0
0.0,0.0,387,306.0,0.0
0.0,0.0,526,448.0,0.0
0.0,0.0,485,469.0,0.0
0.0,142.0,229,484.0,0.0
0.0,321.0,338,322.0,0.0
0.0,902.0,430,0.0,0.0
0.0,195.0,296,512.0,0.0
0.0,333.0,94,463.0,0.0
0.0,467.0,338,335.0,0.0
0.0,395.0,196,1314.0,0.0
0.0,332.0,396,551.0,0.0
0.0,477.0,615,421.0,0.0
0.0,449.0,399,421.0,0.0
0.0,0.0,314,400.0,0.0
0.0,461.0,137,338.0,0.0
0.0,699.0,139,355.0,0.0
0.0,598.0,457,0.0,0.0
0.0,288.0,376,159.0,0.0
0.0,301.0,353,551.0,0.0
0.0,0.0,0,507.0,0.0
0.0,0.0,556,514.0,0.0
0.0,459.0,0,368.0,0.0
0.0,379.0,0,545.0,0.0
0.0,461.0,214,593.0,0.0
0.0,381.0,170,502.0,0.0
0.0,378.0,260,433.0,0.0
0.0,368.0,358,331.0,0.0
0.0,354.0,523,505.0,0.0
0.0,355.0,0,512.0,0.0
0.0,427.0,2121,0.0,0.0
0.0,422.0,203,0.0,0.0
0.0,368.0,4,489.0,0.0
0.0,375.0,263,0.0,0.0
0.0,375.0,173,392.0,0.0
0.0,331.0,134,441.0,0.0
0.0,402.0,0,583.0,0.0
0.0,284.0,610,440.0,0.0
0.0,216.0,440,315.0,0.0
0.0,0.0,299,355.0,0.0
0.0,0.0,545,478.0,0.0
0.0,433.0,94,478.0,0.0
0.0,543.0,438,282.0,0.0
0.0,497.0,106,408.0,0.0
0.0,237.0,583,408.0,0.0
0.0,322.0,405,395.0,0.0
0.0,97.0,495,593.0,0.0
0.0,2.0,284,593.0,0.0
0.0,191.0,284,0.0,0.0
0.0,242.0,634,445.0,0.0
0.0,299.0,267,391.0,0.0
0.0,347.0,473,365.0,0.0
0.0,188.0,384,478.0,0.0
0.0,125.0,302,501.0,0.0
0.0,294.0,185,384.0,0.0
0.0,489.0,228,476.0,0.0
0.0,395.0,1929,166.0,0.0
0.0,119.0,427,206.0,0.0
0.0,0.0,0,476.0,0.0
0.0,402.0,428,137.0,0.0
0.0,260.0,485,0.0,0.0
0.0,495.0,356,278.0,0.0
0.0,300.0,460,392.0,0.0
0.0,512.0,327,409.0,0.0
0.0,359.0,226,369.0,0.0
0.0,311.0,412,433.0,0.0
0.0,394.0,454,170.0,0.0
0.0,444.0,294,99.0,0.0
0.0,279.0,0,133.0,0.0
0.0,444.0,219,369.0,0.0
0.0,353.0,425,0.0,0.0
0.0,18.0,0,11.0,0.0
0.0,425.0,0,227.0,0.0
0.0,0.0,539,11.0,0.0
0.0,462.0,144,0.0,0.0
0.0,373.0,297,228.0,0.0
0.0,0.0,496,263.0,0.0
0.0,472.0,169,262.0,0.0
0.0,381.0,284,386.0,0.0
0.0,298.0,159,466.0,0.0
0.0,452.0,538,433.0,0.0
0.0,505.0,26,317.0,0.0
0.0,0.0,434,136.0,0.0
0.0,0.0,0,433.0,0.0
0.0,0.0,322,383.0,0.0
0.0,111.0,230,210.0,0.0
0.0,475.0,0,298.0,0.0
0.0,633.0,475,394.0,0.0
0.0,836.0,629,376.0,0.0
0.0,517.0,240,207.0,0.0
0.0,0.0,543,237.0,0.0
0.0,545.0,272,436.0,0.0
0.0,1.0,1,390.0,0.0
0.0,490.0,557,180.0,0.0
0.0,0.0,1845,506.0,0.0
0.0,357.0,858,188.0,0.0
0.0,0.0,326,184.0,0.0
0.0,603.0,207,394.0,0.0
0.0,262.0,437,310.0,0.0
0.0,731.0,208,277.0,0.0
0.0,463.0,425,0.0,0.0
0.0,340.0,225,0.0,0.0
0.0,488.0,164,580.0,0.0
0.0,132.0,458,416.0,0.0
0.0,413.0,604,0.0,0.0
0.0,314.0,604,0.0,0.0
0.0,453.0,236,136.0,0.0
0.0,582.0,370,353.0,0.0
0.0,6.0,281,338.0,0.0
0.0,333.0,6,374.0,0.0
0.0,0.0,0,382.0,0.0
0.0,509.0,486,346.0,0.0
0.0,93.0,370,439.0,0.0
0.0,397.0,0,348.0,0.0
0.0,360.0,127,94.0,0.0
0.0,275.0,462,447.0,0.0
0.0,477.0,383,406.0,0.0
0.0,249.0,376,371.0,0.0
0.0,435.0,423,300.0,0.0
0.0,426.0,633,564.0,0.0
0.0,0.0,303,258.0,0.0
0.0,459.0,395,389.0,0.0
0.0,201.0,504,330.0,0.0
0.0,356.0,450,332.0,0.0
0.0,316.0,1,56.0,0.0
0.0,417.0,139,650.0,0.0
0.0,303.0,195,226.0,0.0
0.0,306.0,136,221.0,0.0
0.0,437.0,323,175.0,0.0
0.0,0.0,253,0.0,0.0
0.0,340.0,353,360.0,0.0
0.0,569.0,331,371.0,0.0
0.0,0.0,154,400.0,0.0
0.0,427.0,196,303.0,0.0
0.0,0.0,426,108.0,0.0
0.0,402.0,276,455.0,0.0
0.0,358.0,305,585.0,0.0
0.0,467.0,522,0.0,0.0
0.0,325.0,458,403.0,0.0
0.0,488.0,364,154.0,0.0
0.0,371.0,349,207.0,0.0
0.0,228.0,140,526.0,0.0
0.0,276.0,98,289.0,0.0
0.0,478.0,341,330.0,0.0
0.0,152.0,191,296.0,0.0
0.0,408.0,3,139.0,0.0
0.0,0.0,446,521.0,0.0
0.0,0.0,582,180.0,0.0
0.0,420.0,11,330.0,0.0
0.0,442.0,8,489.0,0.0
0.0,0.0,250,412.0,0.0
0.0,242.0,305,478.0,0.0
0.0,320.0,0,530.0,0.0
0.0,0.0,11,297.0,0.0
0.0,168.0,8,383.0,0.0
0.0,434.0,0,482.0,0.0
0.0,315.0,0,437.0,0.0
0.0,292.0,0,483.0,0.0
0.0,163.0,0,503.0,0.0
0.0,415.0,147,357.0,0.0
0.0,426.0,0,541.0,0.0
0.0,374.0,272,577.0,0.0
0.0,346.0,332,213.0,0.0
0.0,300.0,0,221.0,0.0
0.0,327.0,348,221.0,0.0
0.0,529.0,284,0.0,0.0
0.0,467.0,0,211.0,0.0
0.0,368.0,555,470.0,0.0
0.0,259.0,553,0.0,0.0
0.0,358.0,495,370.0,0.0
0.0,379.0,446,272.0,0.0
0.0,384.0,402,0.0,0.0
0.0,286.0,418,537.0,0.0
0.0,2655.0,495,0.0,0.0
0.0,415.0,321,405.0,0.0
0.0,438.0,390,9.0,0.0
0.0,183.0,437,416.0,0.0
0.0,581.0,293,259.0,0.0
0.0,564.0,458,352.0,0.0
0.0,222.0,0,104.0,0.0
0.0,472.0,560,274.0,0.0
0.0,163.0,268,0.0,0.0
0.0,190.0,424,555.0,0.0
0.0,401.0,310,300.0,0.0
0.0,501.0,240,451.0,0.0
0.0,564.0,459,100.0,0.0
0.0,423.0,404,106.0,0.0
0.0,396.0,0,504.0,0.0
0.0,349.0,379,396.0,0.0
0.0,462.0,0,225.0,0.0
0.0,178.0,346,510.0,0.0
0.0,425.0,577,303.0,0.0
0.0,246.0,3,286.0,0.0
0.0,634.0,568,167.0,0.0
0.0,105.0,336,138.0,0.0
0.0,343.0,0,564.0,0.0
0.0,0.0,0,286.0,0.0
0.0,245.0,9,526.0,0.0
0.0,139.0,728,179.0,0.0
0.0,0.0,333,173.0,0.0
0.0,454.0,0,1990.0,0.0
0.0,425.0,548,503.0,0.0
0.0,0.0,188,445.0,0.0
0.0,469.0,302,426.0,0.0
0.0,315.0,253,0.0,0.0
0.0,0.0,487,1992.0,0.0
0.0,74.0,3288,308.0,0.0
0.0,519.0,468,499.0,0.0
0.0,481.0,305,277.0,0.0
0.0,469.0,468,787.0,0.0
0.0,814.0,601,449.0,0.0
0.0,547.0,447,0.0,0.0
0.0,444.0,226,0.0,0.0
0.0,382.0,2,135.0,0.0
0.0,516.0,511,691.0,0.0
0.0,452.0,461,622.0,0.0
0.0,0.0,420,622.0,0.0
0.0,193.0,420,0.0,0.0
0.0,6.0,420,465.0,0.0
0.0,750.0,423,465.0,0.0
0.0,376.0,224,351.0,0.0
0.0,0.0,0,106.0,0.0
0.0,11.0,0,117.0,0.0
0.0,0.0,335,136.0,0.0
0.0,0.0,385,433.0,0.0
0.0,0.0,501,662.0,0.0
0.0,0.0,375,435.0,0.0
0.0,0.0,216,55.0,0.0
0.0,0.0,199,213.0,0.0
0.0,0.0,489,457.0,0.0
0.0,0.0,0,346.0,0.0
0.0,0.0,0,377.0,0.0
0.0,0.0,388,224.0,0.0
0.0,0.0,180,398.0,0.0
0.0,0.0,663,316.0,0.0
0.0,0.0,408,534.0,0.0
0.0,0.0,408,204.0,0.0
0.0,0.0,423,423.0,0.0
0.0,0.0,431,427.0,0.0
0.0,0.0,0,583.0,0.0
0.0,0.0,478,0.0,0.0
0.0,0.0,567,661.0,0.0
0.0,0.0,423,526.0,0.0
0.0,0.0,457,448.0,0.0
0.0,0.0,576,359.0,0.0
0.0,0.0,365,437.0,0.0
0.0,0.0,381,430.0,0.0
0.0,0.0,0,461.0,0.0
0.0,0.0,260,242.0,0.0
0.0,0.0,441,259.0,0.0
0.0,0.0,110,308.0,0.0
0.0,0.0,189,285.0,0.0
0.0,0.0,0,391.0,0.0
0.0,0.0,0,338.0,0.0
0.0,0.0,504,470.0,0.0
0.0,0.0,420,368.0,0.0
0.0,0.0,404,277.0,0.0
0.0,0.0,262,0.0,0.0
0.0,0.0,394,379.0,0.0
0.0,0.0,229,327.0,0.0
0.0,0.0,8,160.0,0.0
0.0,0.0,505,473.0,0.0
0.0,0.0,300,604.0,0.0
0.0,0.0,529,577.0,0.0
0.0,0.0,448,664.0,0.0
0.0,0.0,313,358.0,0.0
0.0,0.0,178,189.0,0.0
0.0,0.0,213,663.0,0.0
0.0,0.0,2,536.0,0.0
0.0,0.0,235,510.0,0.0
0.0,0.0,0,668.0,0.0
0.0,0.0,287,337.0,0.0
0.0,0.0,462,542.0,0.0
0.0,0.0,115,322.0,0.0
0.0,0.0,470,0.0,0.0
0.0,0.0,576,223.0,0.0
0.0,0.0,316,349.0,0.0
0.0,0.0,293,330.0,0.0
0.0,0.0,419,0.0,0.0
0.0,0.0,436,268.0,0.0
0.0,0.0,174,46.0,0.0
0.0,0.0,104,268.0,0.0
0.0,0.0,0,177.0,0.0
0.0,0.0,524,0.0,0.0
0.0,0.0,240,51.0,0.0
0.0,0.0,361,231.0,0.0
0.0,0.0,251,89.0,0.0
0.0,0.0,235,301.0,0.0
0.0,0.0,526,0.0,0.0
0.0,0.0,375,141.0,0.0
0.0,0.0,164,0.0,0.0
0.0,0.0,382,169.0,0.0
0.0,0.0,390,275.0,0.0
0.0,0.0,379,0.0,0.0
0.0,0.0,254,389.0,0.0
0.0,0.0,457,467.0,0.0
0.0,0.0,485,173.0,0.0
0.0,0.0,480,475.0,0.0
0.0,0.0,246,450.0,0.0
0.0,0.0,696,368.0,0.0
0.0,0.0,0,379.0,0.0
0.0,0.0,306,542.0,0.0
0.0,0.0,486,439.0,0.0
0.0,0.0,229,337.0,0.0
0.0,0.0,0,363.0,0.0
0.0,0.0,536,46.0,0.0
0.0,0.0,513,95.0,0.0
0.0,0.0,259,142.0,0.0
0.0,0.0,38,163.0,0.0
0.0,0.0,398,214.0,0.0
0.0,0.0,442,87.0,0.0
0.0,0.0,283,301.0,0.0
0.0,0.0,474,398.0,0.0
0.0,0.0,403,380.0,0.0
0.0,0.0,134,226.0,0.0
0.0,0.0,352,226.0,0.0
0.0,0.0,0,342.0,0.0
0.0,0.0,584,378.0,0.0
0.0,0.0,404,314.0,0.0
0.0,0.0,413,202.0,0.0
0.0,0.0,452,361.0,0.0
0.0,0.0,183,453.0,0.0
0.0,0.0,408,304.0,0.0
0.0,0.0,373,161.0,0.0
0.0,0.0,337,597.0,0.0
0.0,0.0,363,193.0,0.0
0.0,0.0,521,597.0,0.0
0.0,0.0,138,217.0,0.0
0.0,0.0,326,259.0,0.0
0.0,0.0,299,354.0,0.0
0.0,0.0,0,57.0,0.0
0.0,0.0,331,228.0,0.0
0.0,0.0,225,228.0,0.0
0.0,0.0,249,290.0,0.0
0.0,0.0,199,316.0,0.0
0.0,0.0,787,275.0,0.0
0.0,0.0,433,461.0,0.0
0.0,0.0,473,344.0,0.0
0.0,0.0,545,344.0,0.0
0.0,0.0,0,423.0,0.0
0.0,0.0,47,72.0,0.0
0.0,0.0,38,111.0,0.0
0.0,0.0,298,143.0,0.0
0.0,0.0,444,406.0,0.0
0.0,0.0,261,1.0,0.0
0.0,0.0,106,178.0,0.0
0.0,0.0,634,320.0,0.0
0.0,0.0,193,0.0,0.0
0.0,0.0,211,345.0,0.0
0.0,0.0,2,357.0,0.0
0.0,0.0,258,199.0,0.0
0.0,0.0,162,231.0,0.0
0.0,0.0,302,154.0,0.0
0.0,0.0,398,578.0,0.0
0.0,0.0,231,264.0,0.0
0.0,0.0,349,410.0,0.0
0.0,0.0,457,232.0,0.0
0.0,0.0,834,281.0,0.0
0.0,0.0,303,216.0,0.0
0.0,0.0,280,593.0,0.0
0.0,0.0,239,35.0,0.0
0.0,0.0,425,355.0,0.0
0.0,0.0,161,321.0,0.0
0.0,0.0,787,352.0,0.0
0.0,0.0,229,320.0,0.0
0.0,0.0,301,655.0,0.0
0.0,0.0,424,3.0,0.0
0.0,0.0,180,0.0,0.0
0.0,0.0,0,474.0,0.0
0.0,0.0,77,281.0,0.0
0.0,0.0,469,7.0,0.0
0.0,0.0,1,370.0,0.0
0.0,0.0,490,2.0,0.0
0.0,0.0,283,433.0,0.0
0.0,0.0,501,516.0,0.0
0.0,0.0,0,516.0,0.0
0.0,0.0,191,540.0,0.0
0.0,0.0,112,4.0,0.0
0.0,0.0,390,4.0,0.0
0.0,0.0,489,436.0,0.0
0.0,0.0,164,474.0,0.0
0.0,0.0,272,0.0,0.0
0.0,0.0,272,0.0,0.0
0.0,0.0,0,555.0,0.0
0.0,0.0,522,1.0,0.0
0.0,0.0,0,314.0,0.0
0.0,0.0,121,194.0,0.0
0.0,0.0,271,358.0,0.0
0.0,0.0,0,0.0,0.0
0.0,0.0,271,322.0,0.0
0.0,0.0,37,0.0,0.0
0.0,0.0,271,0.0,0.0
0.0,0.0,259,0.0,0.0
0.0,0.0,515,134.0,0.0
0.0,0.0,470,443.0,0.0
0.0,0.0,277,0.0,0.0
0.0,0.0,285,185.0,0.0
0.0,0.0,445,0.0,0.0
0.0,0.0,509,0.0,0.0
0.0,0.0,57,0.0,0.0
0.0,0.0,4,0.0,0.0
0.0,0.0,507,0.0,0.0
0.0,0.0,191,0.0,0.0
0.0,0.0,600,0.0,0.0
0.0,0.0,517,0.0,0.0
0.0,0.0,177,110.0,0.0
0.0,0.0,265,185.0,0.0
0.0,0.0,487,8.0,0.0
0.0,0.0,331,0.0,0.0
0.0,0.0,131,11.0,0.0
0.0,0.0,0,0.0,0.0
0.0,0.0,455,484.0,0.0
0.0,0.0,614,0.0,0.0
0.0,0.0,284,266.0,0.0
0.0,0.0,284,371.0,0.0
0.0,0.0,551,0.0,0.0
0.0,0.0,234,81.0,0.0
0.0,0.0,607,510.0,0.0
0.0,0.0,99,515.0,0.0
0.0,0.0,322,481.0,0.0
0.0,0.0,416,264.0,0.0
0.0,0.0,158,329.0,0.0
0.0,0.0,486,0.0,0.0
0.0,0.0,240,560.0,0.0
0.0,0.0,264,0.0,0.0
0.0,0.0,351,443.0,0.0
0.0,0.0,281,250.0,0.0
0.0,0.0,352,522.0,0.0
0.0,0.0,532,305.0,0.0
0.0,0.0,517,278.0,0.0
0.0,0.0,271,464.0,0.0
0.0,0.0,68,406.0,0.0
0.0,0.0,271,370.0,0.0
0.0,0.0,596,317.0,0.0
0.0,0.0,402,490.0,0.0
0.0,0.0,488,0.0,0.0
0.0,0.0,325,402.0,0.0
0.0,0.0,516,582.0,0.0
0.0,0.0,4,521.0,0.0
0.0,0.0,414,639.0,0.0
0.0,0.0,8,420.0,0.0
0.0,0.0,0,380.0,0.0
0.0,0.0,334,313.0,0.0
0.0,0.0,11,244.0,0.0
0.0,0.0,244,0.0,0.0
0.0,0.0,0,397.0,0.0
0.0,0.0,0,343.0,0.0
0.0,0.0,0,501.0,0.0
0.0,0.0,0,2.0,0.0
0.0,0.0,14,294.0,0.0
0.0,0.0,0,1.0,0.0
0.0,0.0,0,577.0,0.0
0.0,0.0,398,462.0,0.0
0.0,0.0,316,351.0,0.0
0.0,0.0,395,315.0,0.0
0.0,0.0,270,412.0,0.0
0.0,0.0,367,516.0,0.0
0.0,0.0,351,467.0,0.0
0.0,0.0,0,0.0,0.0
0.0,0.0,539,1.0,0.0
0.0,0.0,387,294.0,0.0
0.0,0.0,550,493.0,0.0
0.0,0.0,470,377.0,0.0
0.0,0.0,0,0.0,0.0
0.0,0.0,405,9.0,0.0
0.0,0.0,0,488.0,0.0
0.0,0.0,0,285.0,0.0
0.0,0.0,469,391.0,0.0
0.0,0.0,447,378.0,0.0
0.0,0.0,0,504.0,0.0
0.0,0.0,439,571.0,0.0
0.0,0.0,526,599.0,0.0
0.0,0.0,332,467.0,0.0
0.0,0.0,268,477.0,0.0
0.0,0.0,569,420.0,0.0
0.0,0.0,393,588.0,0.0
0.0,0.0,565,337.0,0.0
0.0,0.0,0,444.0,0.0
0.0,0.0,233,28.0,0.0
0.0,0.0,20786,343.0,0.0
0.0,0.0,652,657.0,0.0
0.0,0.0,266,502.0,0.0
0.0,0.0,449,502.0,0.0
0.0,0.0,449,358.0,0.0
0.0,0.0,449,388.0,0.0
0.0,0.0,442,404.0,0.0
0.0,0.0,655,401.0,0.0
0.0,0.0,523,451.0,0.0
0.0,0.0,490,6.0,0.0
0.0,0.0,377,316.0,0.0
0.0,0.0,252,536.0,0.0
0.0,0.0,0,270.0,0.0
0.0,0.0,297,264.0,0.0
0.0,0.0,0,225.0,0.0
0.0,0.0,214,284.0,0.0
0.0,0.0,508,611.0,0.0
0.0,0.0,475,611.0,0.0
0.0,0.0,416,521.0,0.0
0.0,0.0,0,423.0,0.0
0.0,0.0,410,390.0,0.0
0.0,0.0,377,237.0,0.0
0.0,0.0,369,559.0,0.0
0.0,0.0,412,396.0,0.0
0.0,0.0,0,322.0,0.0
0.0,0.0,444,577.0,0.0
0.0,0.0,275,573.0,0.0
0.0,0.0,198,238.0,0.0
0.0,0.0,196,742.0,0.0
0.0,0.0,270,292.0,0.0
0.0,0.0,484,479.0,0.0
0.0,0.0,270,422.0,0.0
0.0,0.0,326,181.0,0.0
0.0,0.0,548,501.0,0.0
0.0,0.0,473,0.0,0.0
0.0,0.0,425,0.0,0.0
0.0,0.0,0,551.0,0.0
0.0,0.0,406,415.0,0.0
0.0,0.0,469,0.0,0.0
0.0,0.0,250,386.0,0.0
0.0,0.0,432,0.0,0.0
0.0,0.0,432,499.0,0.0
0.0,0.0,461,382.0,0.0
0.0,0.0,527,0.0,0.0
0.0,0.0,354,354.0,0.0
0.0,0.0,379,320.0,0.0
0.0,0.0,525,869.0,0.0
0.0,0.0,392,580.0,0.0
0.0,0.0,571,406.0,0.0
0.0,0.0,693,356.0,0.0
0.0,0.0,481,457.0,0.0
0.0,0.0,470,0.0,0.0
0.0,0.0,299,136.0,0.0
0.0,0.0,525,124.0,0.0
0.0,0.0,227,326.0,0.0
0.0,0.0,448,548.0,0.0
0.0,0.0,306,342.0,0.0
0.0,0.0,484,241.0,0.0
0.0,0.0,396,399.0,0.0
0.0,0.0,285,257.0,0.0
0.0,0.0,470,306.0,0.0
0.0,0.0,0,528.0,0.0
0.0,0.0,310,131.0,0.0
0.0,0.0,401,409.0,0.0
0.0,0.0,401,576.0,0.0
0.0,0.0,376,312.0,0.0
0.0,0.0,449,313.0,0.0
0.0,0.0,402,198.0,0.0
0.0,0.0,423,423.0,0.0
0.0,0.0,657,642.0,0.0
0.0,0.0,467,423.0,0.0
0.0,0.0,0,482.0,0.0
0.0,0.0,0,524.0,0.0
0.0,0.0,409,309.0,0.0
0.0,0.0,322,467.0,0.0
0.0,0.0,408,610.0,0.0
0.0,0.0,395,529.0,0.0
0.0,0.0,878,330.0,0.0
0.0,0.0,355,187.0,0.0
0.0,0.0,288,415.0,0.0
0.0,0.0,367,289.0,0.0
0.0,0.0,0,100.0,0.0
0.0,0.0,228,0.0,0.0
0.0,0.0,433,593.0,0.0
0.0,0.0,385,372.0,0.0
0.0,0.0,482,264.0,0.0
0.0,0.0,318,518.0,0.0
0.0,0.0,0,429.0,0.0
0.0,0.0,368,458.0,0.0
0.0,0.0,97,324.0,0.0
0.0,0.0,180,392.0,0.0
0.0,0.0,509,81.0,0.0
0.0,0.0,361,539.0,0.0
0.0,0.0,373,0.0,0.0
0.0,0.0,1,283.0,0.0
0.0,0.0,0,268.0,0.0
0.0,0.0,340,330.0,0.0
0.0,0.0,0,453.0,0.0
0.0,0.0,393,289.0,0.0
0.0,0.0,366,378.0,0.0
0.0,0.0,105,506.0,0.0
0.0,0.0,0,454.0,0.0
0.0,0.0,278,0.0,0.0
0.0,0.0,2,502.0,0.0
0.0,0.0,318,495.0,0.0
0.0,0.0,344,0.0,0.0
0.0,0.0,260,192.0,0.0
0.0,0.0,300,314.0,0.0
0.0,0.0,267,549.0,0.0
0.0,0.0,227,531.0,0.0
0.0,0.0,181,306.0,0.0
0.0,0.0,187,349.0,0.0
0.0,0.0,373,498.0,0.0
0.0,0.0,1689,252.0,0.0
0.0,0.0,0,263.0,0.0
0.0,0.0,440,228.0,0.0
0.0,0.0,496,487.0,0.0
0.0,0.0,352,287.0,0.0
0.0,0.0,0,640.0,0.0
0.0,0.0,136,118.0,0.0
0.0,0.0,387,234.0,0.0
0.0,0.0,13,185.0,0.0
0.0,0.0,327,249.0,0.0
0.0,0.0,462,425.0,0.0
0.0,0.0,0,303.0,0.0
0.0,0.0,303,382.0,0.0
0.0,0.0,0,246.0,0.0
0.0,0.0,209,515.0,0.0
0.0,0.0,209,196.0,0.0
0.0,0.0,472,470.0,0.0
0.0,0.0,410,590.0,0.0
0.0,0.0,315,0.0,0.0
0.0,0.0,0,566.0,0.0
0.0,0.0,0,0.0,0.0
0.0,0.0,228,216.0,0.0
0.0,0.0,301,0.0,0.0
0.0,0.0,232,0.0,0.0
0.0,0.0,334,701.0,0.0
0.0,0.0,197,226.0,0.0
0.0,0.0,489,361.0,0.0
0.0,0.0,0,0.0,0.0
0.0,0.0,368,519.0,0.0
0.0,0.0,518,276.0,0.0
0.0,0.0,0,349.0,0.0
0.0,0.0,158,425.0,0.0
0.0,0.0,338,351.0,0.0
0.0,0.0,0,74.0,0.0
0.0,0.0,425,306.0,0.0
0.0,0.0,337,358.0,0.0
0.0,0.0,0,0.0,0.0
0.0,0.0,290,391.0,0.0
0.0,0.0,307,142.0,0.0
0.0,0.0,489,87.0,0.0
0.0,0.0,325,424.0,0.0
0.0,0.0,615,544.0,0.0
0.0,0.0,0,501.0,0.0
0.0,0.0,293,150.0,0.0
0.0,0.0,458,468.0,0.0
0.0,0.0,364,361.0,0.0
0.0,0.0,320,207.0,0.0
0.0,0.0,520,177.0,0.0
0.0,0.0,339,337.0,0.0
0.0,0.0,2,743.0,0.0
0.0,0.0,373,94.0,0.0
0.0,0.0,410,489.0,0.0
0.0,0.0,289,444.0,0.0
0.0,0.0,390,680.0,0.0
0.0,0.0,0,435.0,0.0
0.0,0.0,106,323.0,0.0
0.0,0.0,497,533.0,0.0
0.0,0.0,354,392.0,0.0
0.0,0.0,495,3.0,0.0
0.0,0.0,494,614.0,0.0
0.0,0.0,447,468.0,0.0
0.0,0.0,539,561.0,0.0
0.0,0.0,494,70.0,0.0
0.0,0.0,513,406.0,0.0
0.0,0.0,311,137.0,0.0
0.0,0.0,556,502.0,0.0
0.0,0.0,434,131.0,0.0
0.0,0.0,269,313.0,0.0
0.0,0.0,0,393.0,0.0
0.0,0.0,243,324.0,0.0
0.0,0.0,0,487.0,0.0
0.0,0.0,435,431.0,0.0
0.0,0.0,159,323.0,0.0
0.0,0.0,370,309.0,0.0
0.0,0.0,300,0.0,0.0
0.0,0.0,128,214.0,0.0
0.0,0.0,261,498.0,0.0
0.0,0.0,564,347.0,0.0
0.0,0.0,0,411.0,0.0
0.0,0.0,267,429.0,0.0
0.0,0.0,100,363.0,0.0
0.0,0.0,311,363.0,0.0
0.0,0.0,143,578.0,0.0
0.0,0.0,787,267.0,0.0
0.0,0.0,462,4.0,0.0
0.0,0.0,317,788.0,0.0
0.0,0.0,328,436.0,0.0
0.0,0.0,11,239.0,0.0
0.0,0.0,188,186.0,0.0
0.0,0.0,503,463.0,0.0
0.0,0.0,0,551.0,0.0
0.0,0.0,481,551.0,0.0
0.0,0.0,595,314.0,0.0
0.0,0.0,113,440.0,0.0
0.0,0.0,0,0.0,0.0
0.0,0.0,672,445.0,0.0
0.0,0.0,0,0.0,0.0
0.0,0.0,298,0.0,0.0
0.0,0.0,0,0.0,0.0
0.0,0.0,599,0.0,0.0
0.0,0.0,353,11.0,0.0
0.0,0.0,310,0.0,0.0
0.0,0.0,0,8.0,0.0
0.0,0.0,602,0.0,0.0
0.0,0.0,332,0.0,0.0
0.0,0.0,139,395.0,0.0
0.0,0.0,0,271.0,0.0
0.0,0.0,0,0.0,0.0
0.0,0.0,359,0.0,0.0
0.0,0.0,148,477.0,0.0
0.0,0.0,162,440.0,0.0
0.0,0.0,0,448.0,0.0
0.0,0.0,1657,1659.0,0.0
0.0,0.0,200,456.0,0.0
0.0,0.0,0,368.0,0.0
0.0,0.0,222,0.0,0.0
0.0,0.0,0,0.0,0.0
0.0,0.0,580,364.0,0.0
0.0,0.0,588,459.0,0.0
0.0,0.0,238,699.0,0.0
0.0,0.0,478,2.0,0.0
0.0,0.0,499,419.0,0.0
0.0,0.0,0,428.0,0.0
0.0,0.0,496,294.0,0.0
0.0,0.0,417,789.0,0.0
0.0,0.0,433,424.0,0.0
0.0,0.0,0,236.0,0.0
0.0,0.0,454,328.0,0.0
0.0,0.0,463,392.0,0.0
0.0,0.0,409,480.0,0.0
0.0,0.0,425,363.0,0.0
0.0,0.0,395,477.0,0.0
0.0,0.0,199,760.0,0.0
0.0,0.0,222,0.0,0.0
0.0,0.0,547,436.0,0.0
0.0,0.0,539,375.0,0.0
0.0,0.0,1,468.0,0.0
0.0,0.0,204,432.0,0.0
0.0,0.0,285,315.0,0.0
0.0,0.0,300,284.0,0.0
0.0,0.0,509,316.0,0.0
0.0,0.0,286,492.0,0.0
0.0,0.0,536,334.0,0.0
0.0,0.0,154,408.0,0.0
0.0,0.0,492,543.0,0.0
0.0,0.0,0,146.0,0.0
0.0,0.0,307,0.0,0.0
0.0,0.0,258,179.0,0.0
0.0,0.0,0,545.0,0.0
0.0,0.0,328,383.0,0.0
0.0,0.0,268,99.0,0.0
0.0,0.0,129,333.0,0.0
0.0,0.0,564,262.0,0.0
0.0,0.0,347,263.0,0.0
0.0,0.0,167,419.0,0.0
0.0,0.0,632,564.0,0.0
0.0,0.0,145,327.0,0.0
0.0,0.0,277,429.0,0.0
0.0,0.0,2,500.0,0.0
0.0,0.0,463,368.0,0.0
0.0,0.0,268,469.0,0.0
0.0,0.0,74,469.0,0.0
0.0,0.0,459,0.0,0.0
0.0,0.0,391,220.0,0.0
0.0,0.0,132,650.0,0.0
0.0,0.0,817,0.0,0.0
0.0,0.0,589,300.0,0.0
0.0,0.0,90,78.0,0.0
0.0,0.0,236,466.0,0.0
0.0,0.0,305,197.0,0.0
0.0,0.0,240,286.0,0.0
0.0,0.0,142,279.0,0.0
0.0,0.0,309,8.0,0.0
0.0,0.0,159,480.0,0.0
0.0,0.0,409,0.0,0.0
0.0,0.0,342,99.0,0.0
0.0,0.0,1,514.0,0.0
0.0,0.0,590,414.0,0.0
0.0,0.0,157,286.0,0.0
0.0,0.0,597,408.0,0.0
0.0,0.0,345,361.0,0.0
0.0,0.0,597,0.0,0.0
0.0,0.0,273,523.0,0.0
0.0,0.0,413,517.0,0.0
0.0,0.0,503,474.0,0.0
0.0,0.0,169,385.0,0.0
0.0,0.0,0,115.0,0.0
0.0,0.0,437,445.0,0.0
0.0,0.0,147,167.0,0.0
0.0,0.0,315,191.0,0.0
0.0,0.0,270,257.0,0.0
0.0,0.0,164,363.0,0.0
0.0,0.0,494,192.0,0.0
0.0,0.0,123,382.0,0.0
0.0,0.0,235,251.0,0.0
0.0,0.0,459,333.0,0.0
0.0,0.0,301,297.0,0.0
0.0,0.0,344,143.0,0.0
0.0,0.0,263,509.0,0.0
0.0,0.0,272,439.0,0.0
0.0,0.0,501,305.0,0.0
0.0,0.0,179,235.0,0.0
0.0,0.0,192,483.0,0.0
0.0,0.0,593,487.0,0.0
0.0,0.0,504,0.0,0.0
0.0,0.0,284,0.0,0.0
0.0,0.0,64,195.0,0.0
0.0,0.0,137,461.0,0.0
0.0,0.0,159,424.0,0.0
0.0,0.0,339,461.0,0.0
0.0,0.0,584,633.0,0.0
0.0,0.0,487,302.0,0.0
0.0,0.0,287,477.0,0.0
0.0,0.0,122,686.0,0.0
0.0,0.0,221,441.0,0.0
0.0,0.0,487,331.0,0.0
0.0,0.0,196,167.0,0.0
0.0,0.0,137,4.0,0.0
0.0,0.0,253,309.0,0.0
0.0,0.0,237,254.0,0.0
0.0,0.0,0,3.0,0.0
0.0,0.0,122,0.0,0.0
0.0,0.0,152,329.0,0.0
0.0,0.0,95,0.0,0.0
0.0,0.0,157,122.0,0.0
0.0,0.0,191,312.0,0.0
0.0,0.0,480,623.0,0.0
0.0,0.0,0,359.0,0.0
0.0,0.0,0,351.0,0.0
0.0,0.0,347,218.0,0.0
0.0,0.0,260,237.0,0.0
0.0,0.0,456,122.0,0.0
0.0,0.0,9,514.0,0.0
0.0,0.0,505,282.0,0.0
0.0,0.0,383,0.0,0.0
0.0,0.0,375,436.0,0.0
0.0,0.0,443,117.0,0.0
0.0,0.0,553,216.0,0.0
0.0,0.0,307,1078.0,0.0
0.0,0.0,473,4.0,0.0
0.0,0.0,433,193.0,0.0
0.0,0.0,0,436.0,0.0
0.0,0.0,505,0.0,0.0
0.0,0.0,538,0.0,0.0
0.0,0.0,369,0.0,0.0
0.0,0.0,436,0.0,0.0
0.0,0.0,463,0.0,0.0
0.0,0.0,8,0.0,0.0
0.0,0.0,0,0.0,0.0
0.0,0.0,0,548.0,0.0
0.0,0.0,0,0.0,0.0
0.0,0.0,0,370.0,0.0
0.0,0.0,0,259.0,0.0
0.0,0.0,0,475.0,0.0
0.0,0.0,1,451.0,0.0
0.0,0.0,0,0.0,0.0
0.0,0.0,0,507.0,0.0
0.0,0.0,0,0.0,0.0
0.0,0.0,11,390.0,0.0
0.0,0.0,0,357.0,0.0
0.0,0.0,218,442.0,0.0
0.0,0.0,398,0.0,0.0
0.0,0.0,0,76.0,0.0
0.0,0.0,11,599.0,0.0
0.0,0.0,0,369.0,0.0
0.0,0.0,219,257.0,0.0
0.0,0.0,0,13.0,0.0
0.0,0.0,467,462.0,0.0
0.0,0.0,197,147.0,0.0
0.0,0.0,609,313.0,0.0
0.0,0.0,344,539.0,0.0
0.0,0.0,325,0.0,0.0
0.0,0.0,325,262.0,0.0
0.0,0.0,678,0.0,0.0
0.0,0.0,547,557.0,0.0
0.0,0.0,385,68.0,0.0
0.0,0.0,347,231.0,0.0
0.0,0.0,0,249.0,0.0
0.0,0.0,445,505.0,0.0
0.0,0.0,465,448.0,0.0
0.0,0.0,0,510.0,0.0
0.0,0.0,673,264.0,0.0
0.0,0.0,475,443.0,0.0
0.0,0.0,275,735.0,0.0
0.0,0.0,434,387.0,0.0
0.0,0.0,391,0.0,0.0
0.0,0.0,302,520.0,0.0
0.0,0.0,434,156.0,0.0
0.0,0.0,0,223.0,0.0
0.0,0.0,0,425.0,0.0
0.0,0.0,384,294.0,0.0
0.0,0.0,406,383.0,0.0
0.0,0.0,601,45.0,0.0
0.0,0.0,0,320.0,0.0
0.0,0.0,282,579.0,0.0
0.0,0.0,763,0.0,0.0
0.0,0.0,560,305.0,0.0
0.0,0.0,366,234.0,0.0
0.0,0.0,526,450.0,0.0
0.0,0.0,402,273.0,0.0
0.0,0.0,436,510.0,0.0
0.0,0.0,142,195.0,0.0
0.0,0.0,250,167.0,0.0
0.0,0.0,250,128.0,0.0
0.0,0.0,250,137.0,0.0
0.0,0.0,464,446.0,0.0
0.0,0.0,718,241.0,0.0
0.0,0.0,522,459.0,0.0
0.0,0.0,522,201.0,0.0
0.0,0.0,522,218.0,0.0
0.0,0.0,452,147.0,0.0
0.0,0.0,414,433.0,0.0
0.0,0.0,440,303.0,0.0
0.0,0.0,87,305.0,0.0
0.0,0.0,379,164.0,0.0
0.0,0.0,736,300.0,0.0
0.0,0.0,206,289.0,0.0
0.0,0.0,661,413.0,0.0
0.0,0.0,0,204.0,0.0
0.0,0.0,524,438.0,0.0
0.0,0.0,177,296.0,0.0
0.0,0.0,289,174.0,0.0
0.0,0.0,0,372.0,0.0
0.0,0.0,0,513.0,0.0
0.0,0.0,0,0.0,0.0
0.0,0.0,178,8.0,0.0
0.0,0.0,0,0.0,0.0
0.0,0.0,0,0.0,0.0
0.0,0.0,338,0.0,0.0
0.0,0.0,514,0.0,0.0
0.0,0.0,441,0.0,0.0
0.0,0.0,0,308.0,0.0
0.0,0.0,301,332.0,0.0
0.0,0.0,469,423.0,0.0
0.0,0.0,480,209.0,0.0
0.0,0.0,0,439.0,0.0
0.0,0.0,321,252.0,0.0
0.0,0.0,357,379.0,0.0
0.0,0.0,357,554.0,0.0
0.0,0.0,0,449.0,0.0
0.0,0.0,0,0.0,0.0
0.0,0.0,0,457.0,0.0
0.0,0.0,0,365.0,0.0
0.0,0.0,474,111.0,0.0
0.0,0.0,299,315.0,0.0
0.0,0.0,770,522.0,0.0
0.0,0.0,477,426.0,0.0
0.0,0.0,364,312.0,0.0
0.0,0.0,394,472.0,0.0
0.0,0.0,190,156.0,0.0
0.0,0.0,484,0.0,0.0
0.0,0.0,65,467.0,0.0
0.0,0.0,0,461.0,0.0
0.0,0.0,327,427.0,0.0
0.0,0.0,165,315.0,0.0
0.0,0.0,0,199.0,0.0
0.0,0.0,444,190.0,0.0
0.0,0.0,461,308.0,0.0
0.0,0.0,303,424.0,0.0
0.0,0.0,362,436.0,0.0
0.0,0.0,377,229.0,0.0
0.0,0.0,463,0.0,0.0
0.0,0.0,0,376.0,0.0
0.0,0.0,312,166.0,0.0
0.0,0.0,577,297.0,0.0
0.0,0.0,577,190.0,0.0
0.0,0.0,254,405.0,0.0
0.0,0.0,343,376.0,0.0
0.0,0.0,410,43.0,0.0
0.0,0.0,194,433.0,0.0
0.0,0.0,577,343.0,0.0
0.0,0.0,351,427.0,0.0
0.0,0.0,259,292.0,0.0
0.0,0.0,379,298.0,0.0
0.0,0.0,590,473.0,0.0
0.0,0.0,585,147.0,0.0
0.0,0.0,441,115.0,0.0
0.0,0.0,475,314.0,0.0
0.0,0.0,517,35.0,0.0
0.0,0.0,517,561.0,0.0
0.0,0.0,368,264.0,0.0
0.0,0.0,406,311.0,0.0
0.0,0.0,93,112.0,0.0
0.0,0.0,309,226.0,0.0
0.0,0.0,424,431.0,0.0
0.0,0.0,367,179.0,0.0
0.0,0.0,379,408.0,0.0
0.0,0.0,340,452.0,0.0
0.0,0.0,440,1289.0,0.0
0.0,0.0,562,214.0,0.0
0.0,0.0,684,111.0,0.0
0.0,0.0,492,146.0,0.0
0.0,0.0,190,111.0,0.0
0.0,0.0,184,0.0,0.0
0.0,0.0,788,0.0,0.0
0.0,0.0,600,351.0,0.0
0.0,0.0,305,179.0,0.0
0.0,0.0,426,0.0,0.0
0.0,0.0,568,0.0,0.0
0.0,0.0,481,0.0,0.0
0.0,0.0,316,0.0,0.0
0.0,0.0,470,0.0,0.0
0.0,0.0,453,0.0,0.0
0.0,0.0,0,0.0,0.0
0.0,0.0,0,0.0,0.0
0.0,0.0,463,0.0,0.0
0.0,0.0,454,0.0,0.0
0.0,0.0,396,0.0,0.0
0.0,0.0,396,0.0,0.0
0.0,0.0,687,0.0,0.0
0.0,0.0,588,0.0,0.0
0.0,0.0,333,0.0,0.0
0.0,0.0,149,0.0,0.0
0.0,0.0,10,0.0,0.0
0.0,0.0,335,0.0,0.0
0.0,0.0,210,0.0,0.0
0.0,0.0,116,0.0,0.0
0.0,0.0,390,0.0,0.0
0.0,0.0,390,0.0,0.0
0.0,0.0,305,0.0,0.0
0.0,0.0,569,0.0,0.0
0.0,0.0,0,0.0,0.0
0.0,0.0,356,0.0,0.0
0.0,0.0,211,0.0,0.0
0.0,0.0,363,0.0,0.0
0.0,0.0,363,0.0,0.0
0.0,0.0,719,0.0,0.0
0.0,0.0,401,0.0,0.0
0.0,0.0,444,0.0,0.0
0.0,0.0,354,0.0,0.0
0.0,0.0,115,0.0,0.0
0.0,0.0,362,0.0,0.0
0.0,0.0,0,0.0,0.0
0.0,0.0,0,0.0,0.0
0.0,0.0,0,0.0,0.0
0.0,0.0,249,0.0,0.0
0.0,0.0,491,0.0,0.0
0.0,0.0,415,0.0,0.0
0.0,0.0,503,0.0,0.0
0.0,0.0,502,0.0,0.0
0.0,0.0,358,0.0,0.0
0.0,0.0,0,0.0,0.0
0.0,0.0,0,0.0,0.0
0.0,0.0,564,0.0,0.0
0.0,0.0,430,0.0,0.0
0.0,0.0,430,0.0,0.0
0.0,0.0,166,0.0,0.0
0.0,0.0,494,0.0,0.0
0.0,0.0,417,0.0,0.0
0.0,0.0,401,0.0,0.0
0.0,0.0,337,0.0,0.0
0.0,0.0,385,0.0,0.0
0.0,0.0,231,0.0,0.0
0.0,0.0,254,0.0,0.0
0.0,0.0,260,0.0,0.0
0.0,0.0,371,0.0,0.0
0.0,0.0,348,0.0,0.0
0.0,0.0,408,0.0,0.0
0.0,0.0,408,0.0,0.0
0.0,0.0,310,0.0,0.0
0.0,0.0,0,0.0,0.0
0.0,0.0,451,0.0,0.0
0.0,0.0,516,0.0,0.0
0.0,0.0,381,0.0,0.0
0.0,0.0,288,0.0,0.0
0.0,0.0,268,0.0,0.0
0.0,0.0,401,0.0,0.0
0.0,0.0,384,0.0,0.0
0.0,0.0,199,0.0,0.0
0.0,0.0,0,0.0,0.0
0.0,0.0,277,0.0,0.0
0.0,0.0,285,0.0,0.0
0.0,0.0,262,0.0,0.0
0.0,0.0,519,0.0,0.0
0.0,0.0,423,0.0,0.0
0.0,0.0,486,0.0,0.0
0.0,0.0,608,0.0,0.0
0.0,0.0,520,0.0,0.0
0.0,0.0,5,0.0,0.0
0.0,0.0,402,0.0,0.0
0.0,0.0,137,0.0,0.0
0.0,0.0,411,0.0,0.0
0.0,0.0,386,0.0,0.0
0.0,0.0,0,0.0,0.0
0.0,0.0,595,0.0,0.0
0.0,0.0,189,0.0,0.0
0.0,0.0,460,0.0,0.0
0.0,0.0,486,0.0,0.0
0.0,0.0,322,0.0,0.0
0.0,0.0,519,0.0,0.0
0.0,0.0,652,0.0,0.0
0.0,0.0,0,0.0,0.0
0.0,0.0,327,0.0,0.0
0.0,0.0,150,0.0,0.0
0.0,0.0,287,0.0,0.0
0.0,0.0,155,0.0,0.0
0.0,0.0,9,0.0,0.0
0.0,0.0,367,0.0,0.0
0.0,0.0,0,0.0,0.0
0.0,0.0,337,0.0,0.0
0.0,0.0,0,0.0,0.0
0.0,0.0,448,0.0,0.0
0.0,0.0,391,0.0,0.0
0.0,0.0,201,0.0,0.0
0.0,0.0,1,0.0,0.0
0.0,0.0,451,0.0,0.0
0.0,0.0,169,0.0,0.0
0.0,0.0,129,0.0,0.0
0.0,0.0,319,0.0,0.0
0.0,0.0,14,0.0,0.0
0.0,0.0,227,0.0,0.0
0.0,0.0,0,0.0,0.0
0.0,0.0,532,0.0,0.0
0.0,0.0,2,0.0,0.0
0.0,0.0,3,0.0,0.0
0.0,0.0,206,0.0,0.0
0.0,0.0,572,0.0,0.0
0.0,0.0,0,0.0,0.0
0.0,0.0,182,0.0,0.0
0.0,0.0,457,0.0,0.0
0.0,0.0,386,0.0,0.0
0.0,0.0,271,0.0,0.0
0.0,0.0,191,0.0,0.0
0.0,0.0,322,0.0,0.0
0.0,0.0,320,0.0,0.0
0.0,0.0,300,0.0,0.0
0.0,0.0,0,0.0,0.0
0.0,0.0,0,0.0,0.0
0.0,0.0,371,0.0,0.0
0.0,0.0,167,0.0,0.0
0.0,0.0,292,0.0,0.0
0.0,0.0,294,0.0,0.0
0.0,0.0,356,0.0,0.0
0.0,0.0,330,0.0,0.0
0.0,0.0,327,0.0,0.0
0.0,0.0,0,0.0,0.0
0.0,0.0,324,0.0,0.0
0.0,0.0,0,0.0,0.0
0.0,0.0,0,0.0,0.0
0.0,0.0,365,0.0,0.0
0.0,0.0,227,0.0,0.0
0.0,0.0,338,0.0,0.0
0.0,0.0,374,0.0,0.0
0.0,0.0,522,0.0,0.0
0.0,0.0,533,0.0,0.0
0.0,0.0,0,0.0,0.0
0.0,0.0,319,0.0,0.0
0.0,0.0,216,0.0,0.0
0.0,0.0,260,0.0,0.0
0.0,0.0,502,0.0,0.0
0.0,0.0,502,0.0,0.0
0.0,0.0,310,0.0,0.0
0.0,0.0,209,0.0,0.0
0.0,0.0,305,0.0,0.0
0.0,0.0,286,0.0,0.0
0.0,0.0,250,0.0,0.0
0.0,0.0,0,0.0,0.0
0.0,0.0,153,0.0,0.0
0.0,0.0,411,0.0,0.0
0.0,0.0,0,0.0,0.0
0.0,0.0,221,0.0,0.0
0.0,0.0,324,0.0,0.0
0.0,0.0,0,0.0,0.0
0.0,0.0,296,0.0,0.0
0.0,0.0,98,0.0,0.0
0.0,0.0,735,0.0,0.0
0.0,0.0,170,0.0,0.0
0.0,0.0,0,0.0,0.0
0.0,0.0,0,0.0,0.0
0.0,0.0,431,0.0,0.0
0.0,0.0,421,0.0,0.0
0.0,0.0,566,0.0,0.0
0.0,0.0,156,0.0,0.0
0.0,0.0,7,0.0,0.0
0.0,0.0,202,0.0,0.0
0.0,0.0,388,0.0,0.0
0.0,0.0,564,0.0,0.0
0.0,0.0,316,0.0,0.0
0.0,0.0,289,0.0,0.0
0.0,0.0,491,0.0,0.0
0.0,0.0,320,0.0,0.0
0.0,0.0,467,0.0,0.0
0.0,0.0,485,0.0,0.0
0.0,0.0,219,0.0,0.0
0.0,0.0,515,0.0,0.0
0.0,0.0,515,0.0,0.0
0.0,0.0,390,0.0,0.0
0.0,0.0,1345,0.0,0.0
0.0,0.0,256,0.0,0.0
0.0,0.0,614,0.0,0.0
0.0,0.0,453,0.0,0.0
0.0,0.0,286,0.0,0.0
0.0,0.0,286,0.0,0.0
0.0,0.0,286,0.0,0.0
0.0,0.0,456,0.0,0.0
0.0,0.0,289,0.0,0.0
0.0,0.0,361,0.0,0.0
0.0,0.0,254,0.0,0.0
0.0,0.0,316,0.0,0.0
0.0,0.0,221,0.0,0.0
0.0,0.0,639,0.0,0.0
0.0,0.0,447,0.0,0.0
0.0,0.0,0,0.0,0.0
0.0,0.0,0,0.0,0.0
0.0,0.0,287,0.0,0.0
0.0,0.0,0,0.0,0.0
0.0,0.0,85,0.0,0.0
0.0,0.0,443,0.0,0.0
0.0,0.0,363,0.0,0.0
0.0,0.0,457,0.0,0.0
0.0,0.0,427,0.0,0.0
0.0,0.0,259,0.0,0.0
0.0,0.0,520,0.0,0.0
0.0,0.0,222,0.0,0.0
0.0,0.0,331,0.0,0.0
0.0,0.0,513,0.0,0.0
0.0,0.0,213,0.0,0.0
0.0,0.0,394,0.0,0.0
0.0,0.0,387,0.0,0.0
0.0,0.0,122,0.0,0.0
0.0,0.0,564,0.0,0.0
0.0,0.0,356,0.0,0.0
0.0,0.0,362,0.0,0.0
0.0,0.0,427,0.0,0.0
0.0,0.0,458,0.0,0.0
0.0,0.0,623,0.0,0.0
0.0,0.0,145,0.0,0.0
0.0,0.0,515,0.0,0.0
0.0,0.0,378,0.0,0.0
0.0,0.0,374,0.0,0.0
0.0,0.0,286,0.0,0.0
0.0,0.0,346,0.0,0.0
0.0,0.0,469,0.0,0.0
0.0,0.0,358,0.0,0.0
0.0,0.0,0,0.0,0.0
0.0,0.0,404,0.0,0.0
0.0,0.0,645,0.0,0.0
0.0,0.0,298,0.0,0.0
0.0,0.0,466,0.0,0.0
0.0,0.0,2121,0.0,0.0
0.0,0.0,458,0.0,0.0
0.0,0.0,482,0.0,0.0
0.0,0.0,289,0.0,0.0
0.0,0.0,238,0.0,0.0
0.0,0.0,289,0.0,0.0
0.0,0.0,367,0.0,0.0
0.0,0.0,0,0.0,0.0
0.0,0.0,564,0.0,0.0
0.0,0.0,501,0.0,0.0
0.0,0.0,215,0.0,0.0
0.0,0.0,0,0.0,0.0
0.0,0.0,308,0.0,0.0
0.0,0.0,413,0.0,0.0
0.0,0.0,0,0.0,0.0
0.0,0.0,426,0.0,0.0
0.0,0.0,562,0.0,0.0
0.0,0.0,94,0.0,0.0
0.0,0.0,147,0.0,0.0
0.0,0.0,188,0.0,0.0
0.0,0.0,231,0.0,0.0
0.0,0.0,496,0.0,0.0
0.0,0.0,691,0.0,0.0
0.0,0.0,222,0.0,0.0
0.0,0.0,405,0.0,0.0
0.0,0.0,378,0.0,0.0
0.0,0.0,0,0.0,0.0
0.0,0.0,538,0.0,0.0
0.0,0.0,491,0.0,0.0
0.0,0.0,559,0.0,0.0
0.0,0.0,125,0.0,0.0
0.0,0.0,179,0.0,0.0
0.0,0.0,646,0.0,0.0
0.0,0.0,197,0.0,0.0
0.0,0.0,144,0.0,0.0
0.0,0.0,1994,0.0,0.0
0.0,0.0,163,0.0,0.0
0.0,0.0,350,0.0,0.0
0.0,0.0,302,0.0,0.0
0.0,0.0,0,0.0,0.0
0.0,0.0,535,0.0,0.0
0.0,0.0,378,0.0,0.0
0.0,0.0,328,0.0,0.0
0.0,0.0,430,0.0,0.0
0.0,0.0,491,0.0,0.0
0.0,0.0,199,0.0,0.0
0.0,0.0,566,0.0,0.0
0.0,0.0,222,0.0,0.0
0.0,0.0,0,0.0,0.0
0.0,0.0,427,0.0,0.0
0.0,0.0,428,0.0,0.0
0.0,0.0,428,0.0,0.0
0.0,0.0,369,0.0,0.0
0.0,0.0,618,0.0,0.0
0.0,0.0,147,0.0,0.0
0.0,0.0,517,0.0,0.0
0.0,0.0,245,0.0,0.0
0.0,0.0,245,0.0,0.0
0.0,0.0,5,0.0,0.0
0.0,0.0,454,0.0,0.0
0.0,0.0,379,0.0,0.0
0.0,0.0,303,0.0,0.0
0.0,0.0,207,0.0,0.0
0.0,0.0,425,0.0,0.0
0.0,0.0,565,0.0,0.0
0.0,0.0,3,0.0,0.0
0.0,0.0,320,0.0,0.0
0.0,0.0,319,0.0,0.0
0.0,0.0,427,0.0,0.0
0.0,0.0,565,0.0,0.0
0.0,0.0,573,0.0,0.0
0.0,0.0,286,0.0,0.0
0.0,0.0,572,0.0,0.0
0.0,0.0,438,0.0,0.0
0.0,0.0,281,0.0,0.0
0.0,0.0,38,0.0,0.0
0.0,0.0,472,0.0,0.0
0.0,0.0,218,0.0,0.0
0.0,0.0,12,0.0,0.0
0.0,0.0,436,0.0,0.0
0.0,0.0,517,0.0,0.0
0.0,0.0,529,0.0,0.0
0.0,0.0,368,0.0,0.0
0.0,0.0,566,0.0,0.0
0.0,0.0,486,0.0,0.0
0.0,0.0,315,0.0,0.0
0.0,0.0,0,0.0,0.0
0.0,0.0,51,0.0,0.0
0.0,0.0,574,0.0,0.0
0.0,0.0,319,0.0,0.0
0.0,0.0,398,0.0,0.0
0.0,0.0,542,0.0,0.0
0.0,0.0,701,0.0,0.0
0.0,0.0,496,0.0,0.0
0.0,0.0,360,0.0,0.0
0.0,0.0,1938,0.0,0.0
0.0,0.0,0,0.0,0.0
0.0,0.0,409,0.0,0.0
0.0,0.0,402,0.0,0.0
0.0,0.0,548,0.0,0.0
0.0,0.0,439,0.0,0.0
0.0,0.0,242,0.0,0.0
0.0,0.0,147,0.0,0.0
0.0,0.0,107,0.0,0.0
0.0,0.0,341,0.0,0.0
0.0,0.0,253,0.0,0.0
0.0,0.0,343,0.0,0.0
0.0,0.0,393,0.0,0.0
0.0,0.0,405,0.0,0.0
0.0,0.0,413,0.0,0.0
0.0,0.0,315,0.0,0.0
0.0,0.0,403,0.0,0.0
0.0,0.0,426,0.0,0.0
0.0,0.0,360,0.0,0.0
0.0,0.0,657,0.0,0.0
0.0,0.0,379,0.0,0.0
0.0,0.0,223,0.0,0.0
0.0,0.0,437,0.0,0.0
0.0,0.0,225,0.0,0.0
0.0,0.0,254,0.0,0.0
0.0,0.0,456,0.0,0.0
0.0,0.0,57,0.0,0.0
0.0,0.0,166,0.0,0.0
0.0,0.0,369,0.0,0.0
0.0,0.0,476,0.0,0.0
0.0,0.0,368,0.0,0.0
0.0,0.0,0,0.0,0.0
0.0,0.0,275,0.0,0.0
0.0,0.0,510,0.0,0.0
0.0,0.0,376,0.0,0.0
0.0,0.0,344,0.0,0.0
0.0,0.0,114,0.0,0.0
0.0,0.0,215,0.0,0.0
0.0,0.0,163,0.0,0.0
0.0,0.0,441,0.0,0.0
0.0,0.0,504,0.0,0.0
0.0,0.0,228,0.0,0.0
0.0,0.0,504,0.0,0.0
0.0,0.0,333,0.0,0.0
0.0,0.0,351,0.0,0.0
0.0,0.0,461,0.0,0.0
0.0,0.0,353,0.0,0.0
0.0,0.0,578,0.0,0.0
0.0,0.0,402,0.0,0.0
0.0,0.0,122,0.0,0.0
0.0,0.0,122,0.0,0.0
0.0,0.0,257,0.0,0.0
0.0,0.0,624,0.0,0.0
0.0,0.0,167,0.0,0.0
0.0,0.0,93,0.0,0.0
0.0,0.0,260,0.0,0.0
0.0,0.0,155,0.0,0.0
0.0,0.0,324,0.0,0.0
0.0,0.0,0,0.0,0.0
0.0,0.0,507,0.0,0.0
0.0,0.0,848,0.0,0.0
0.0,0.0,176,0.0,0.0
0.0,0.0,111,0.0,0.0
0.0,0.0,117,0.0,0.0
0.0,0.0,436,0.0,0.0
0.0,0.0,214,0.0,0.0
0.0,0.0,262,0.0,0.0
0.0,0.0,196,0.0,0.0
0.0,0.0,428,0.0,0.0
0.0,0.0,560,0.0,0.0
0.0,0.0,69,0.0,0.0
0.0,0.0,581,0.0,0.0
0.0,0.0,0,0.0,0.0
0.0,0.0,685,0.0,0.0
0.0,0.0,123,0.0,0.0
0.0,0.0,470,0.0,0.0
0.0,0.0,142,0.0,0.0
0.0,0.0,455,0.0,0.0
0.0,0.0,516,0.0,0.0
0.0,0.0,366,0.0,0.0
0.0,0.0,126,0.0,0.0
0.0,0.0,468,0.0,0.0
0.0,0.0,0,0.0,0.0
0.0,0.0,463,0.0,0.0
0.0,0.0,522,0.0,0.0
0.0,0.0,401,0.0,0.0
0.0,0.0,0,0.0,0.0
0.0,0.0,0,0.0,0.0
0.0,0.0,0,0.0,0.0
0.0,0.0,0,0.0,0.0
0.0,0.0,0,0.0,0.0
0.0,0.0,140,0.0,0.0
0.0,0.0,0,0.0,0.0
0.0,0.0,0,0.0,0.0
0.0,0.0,19,0.0,0.0
0.0,0.0,387,0.0,0.0
0.0,0.0,0,0.0,0.0
0.0,0.0,11,0.0,0.0
0.0,0.0,0,0.0,0.0
0.0,0.0,0,0.0,0.0
0.0,0.0,258,0.0,0.0
0.0,0.0,11,0.0,0.0
0.0,0.0,0,0.0,0.0
0.0,0.0,8,0.0,0.0
0.0,0.0,0,0.0,0.0
0.0,0.0,185,0.0,0.0
0.0,0.0,0,0.0,0.0
0.0,0.0,0,0.0,0.0
0.0,0.0,11,0.0,0.0
0.0,0.0,0,0.0,0.0
0.0,0.0,0,0.0,0.0
0.0,0.0,0,0.0,0.0
0.0,0.0,197,0.0,0.0
0.0,0.0,0,0.0,0.0
0.0,0.0,0,0.0,0.0
0.0,0.0,475,0.0,0.0
0.0,0.0,509,0.0,0.0
0.0,0.0,321,0.0,0.0
0.0,0.0,462,0.0,0.0
0.0,0.0,450,0.0,0.0
0.0,0.0,618,0.0,0.0
0.0,0.0,325,0.0,0.0
0.0,0.0,345,0.0,0.0
0.0,0.0,475,0.0,0.0
0.0,0.0,349,0.0,0.0
0.0,0.0,391,0.0,0.0
0.0,0.0,354,0.0,0.0
0.0,0.0,1,0.0,0.0
0.0,0.0,270,0.0,0.0
0.0,0.0,481,0.0,0.0
0.0,0.0,481,0.0,0.0
0.0,0.0,523,0.0,0.0
0.0,0.0,446,0.0,0.0
0.0,0.0,264,0.0,0.0
0.0,0.0,261,0.0,0.0
0.0,0.0,524,0.0,0.0
0.0,0.0,435,0.0,0.0
0.0,0.0,601,0.0,0.0
0.0,0.0,457,0.0,0.0
0.0,0.0,277,0.0,0.0
0.0,0.0,489,0.0,0.0
0.0,0.0,0,0.0,0.0
0.0,0.0,825,0.0,0.0
0.0,0.0,482,0.0,0.0
0.0,0.0,263,0.0,0.0
0.0,0.0,718,0.0,0.0
0.0,0.0,108,0.0,0.0
0.0,0.0,359,0.0,0.0
0.0,0.0,532,0.0,0.0
0.0,0.0,522,0.0,0.0
0.0,0.0,452,0.0,0.0
0.0,0.0,835,0.0,0.0
0.0,0.0,305,0.0,0.0
0.0,0.0,480,0.0,0.0
0.0,0.0,402,0.0,0.0
0.0,0.0,189,0.0,0.0
0.0,0.0,326,0.0,0.0
0.0,0.0,360,0.0,0.0
0.0,0.0,0,0.0,0.0
0.0,0.0,793,0.0,0.0
0.0,0.0,360,0.0,0.0
0.0,0.0,470,0.0,0.0
0.0,0.0,543,0.0,0.0
0.0,0.0,417,0.0,0.0
0.0,0.0,636,0.0,0.0
0.0,0.0,0,0.0,0.0
0.0,0.0,387,0.0,0.0
0.0,0.0,0,0.0,0.0
0.0,0.0,0,0.0,0.0
0.0,0.0,115,0.0,0.0
0.0,0.0,1036,0.0,0.0
0.0,0.0,395,0.0,0.0
0.0,0.0,390,0.0,0.0
0.0,0.0,284,0.0,0.0
0.0,0.0,0,0.0,0.0
0.0,0.0,305,0.0,0.0
0.0,0.0,194,0.0,0.0
0.0,0.0,0,0.0,0.0
0.0,0.0,152,0.0,0.0
0.0,0.0,447,0.0,0.0
0.0,0.0,436,0.0,0.0
0.0,0.0,527,0.0,0.0
0.0,0.0,0,0.0,0.0
0.0,0.0,0,0.0,0.0
0.0,0.0,0,0.0,0.0
0.0,0.0,268,0.0,0.0
0.0,0.0,402,0.0,0.0
0.0,0.0,524,0.0,0.0
0.0,0.0,387,0.0,0.0
0.0,0.0,116,0.0,0.0
0.0,0.0,461,0.0,0.0
0.0,0.0,288,0.0,0.0
0.0,0.0,439,0.0,0.0
0.0,0.0,474,0.0,0.0
0.0,0.0,371,0.0,0.0
0.0,0.0,0,0.0,0.0
0.0,0.0,218,0.0,0.0
0.0,0.0,341,0.0,0.0
0.0,0.0,584,0.0,0.0
0.0,0.0,324,0.0,0.0
0.0,0.0,0,0.0,0.0
0.0,0.0,455,0.0,0.0
0.0,0.0,0,0.0,0.0
0.0,0.0,495,0.0,0.0
0.0,0.0,299,0.0,0.0
0.0,0.0,0,0.0,0.0
0.0,0.0,353,0.0,0.0
0.0,0.0,468,0.0,0.0
0.0,0.0,479,0.0,0.0
0.0,0.0,491,0.0,0.0
0.0,0.0,491,0.0,0.0
0.0,0.0,186,0.0,0.0
0.0,0.0,294,0.0,0.0
0.0,0.0,305,0.0,0.0
0.0,0.0,430,0.0,0.0
0.0,0.0,243,0.0,0.0
0.0,0.0,259,0.0,0.0
0.0,0.0,266,0.0,0.0
0.0,0.0,258,0.0,0.0
0.0,0.0,463,0.0,0.0
0.0,0.0,404,0.0,0.0
0.0,0.0,0,0.0,0.0
0.0,0.0,390,0.0,0.0
0.0,0.0,14,0.0,0.0
0.0,0.0,437,0.0,0.0
0.0,0.0,482,0.0,0.0
0.0,0.0,0,0.0,0.0
0.0,0.0,432,0.0,0.0
0.0,0.0,0,0.0,0.0
0.0,0.0,323,0.0,0.0
0.0,0.0,288,0.0,0.0
0.0,0.0,1096,0.0,0.0
0.0,0.0,463,0.0,0.0
0.0,0.0,463,0.0,0.0
0.0,0.0,518,0.0,0.0
0.0,0.0,301,0.0,0.0
0.0,0.0,0,0.0,0.0
0.0,0.0,835,0.0,0.0
0.0,0.0,377,0.0,0.0
0.0,0.0,1,0.0,0.0
0.0,0.0,0,0.0,0.0
0.0,0.0,314,0.0,0.0
0.0,0.0,6,0.0,0.0
0.0,0.0,343,0.0,0.0
0.0,0.0,442,0.0,0.0
0.0,0.0,573,0.0,0.0
0.0,0.0,576,0.0,0.0
0.0,0.0,0,0.0,0.0
0.0,0.0,426,0.0,0.0
0.0,0.0,755,0.0,0.0
0.0,0.0,355,0.0,0.0
0.0,0.0,348,0.0,0.0
0.0,0.0,139,0.0,0.0
0.0,0.0,313,0.0,0.0
0.0,0.0,160,0.0,0.0
0.0,0.0,475,0.0,0.0
0.0,0.0,419,0.0,0.0
0.0,0.0,430,0.0,0.0
0.0,0.0,4,0.0,0.0
0.0,0.0,7,0.0,0.0
0.0,0.0,1,0.0,0.0
0.0,0.0,0,0.0,0.0
0.0,0.0,343,0.0,0.0
0.0,0.0,755,0.0,0.0
0.0,0.0,75,0.0,0.0
0.0,0.0,294,0.0,0.0
0.0,0.0,0,0.0,0.0
0.0,0.0,496,0.0,0.0
0.0,0.0,548,0.0,0.0
0.0,0.0,219,0.0,0.0
0.0,0.0,451,0.0,0.0
0.0,0.0,93,0.0,0.0
0.0,0.0,530,0.0,0.0
0.0,0.0,453,0.0,0.0
0.0,0.0,360,0.0,0.0
0.0,0.0,446,0.0,0.0
0.0,0.0,198,0.0,0.0
0.0,0.0,0,0.0,0.0
0.0,0.0,466,0.0,0.0
0.0,0.0,249,0.0,0.0
0.0,0.0,249,0.0,0.0
0.0,0.0,510,0.0,0.0
0.0,0.0,418,0.0,0.0
0.0,0.0,358,0.0,0.0
0.0,0.0,469,0.0,0.0
0.0,0.0,335,0.0,0.0
0.0,0.0,328,0.0,0.0
0.0,0.0,465,0.0,0.0
0.0,0.0,405,0.0,0.0
0.0,0.0,469,0.0,0.0
0.0,0.0,448,0.0,0.0
0.0,0.0,448,0.0,0.0
0.0,0.0,467,0.0,0.0
0.0,0.0,437,0.0,0.0
0.0,0.0,0,0.0,0.0
0.0,0.0,0,0.0,0.0
0.0,0.0,206,0.0,0.0
0.0,0.0,476,0.0,0.0
0.0,0.0,476,0.0,0.0
0.0,0.0,464,0.0,0.0
0.0,0.0,385,0.0,0.0
0.0,0.0,385,0.0,0.0
0.0,0.0,385,0.0,0.0
0.0,0.0,158,0.0,0.0
0.0,0.0,0,0.0,0.0
0.0,0.0,363,0.0,0.0
0.0,0.0,363,0.0,0.0
0.0,0.0,316,0.0,0.0
0.0,0.0,316,0.0,0.0
0.0,0.0,744,0.0,0.0
0.0,0.0,453,0.0,0.0
0.0,0.0,477,0.0,0.0
0.0,0.0,505,0.0,0.0
0.0,0.0,510,0.0,0.0
0.0,0.0,510,0.0,0.0
0.0,0.0,510,0.0,0.0
0.0,0.0,344,0.0,0.0
0.0,0.0,0,0.0,0.0
0.0,0.0,454,0.0,0.0
0.0,0.0,308,0.0,0.0
0.0,0.0,331,0.0,0.0
0.0,0.0,0,0.0,0.0
0.0,0.0,512,0.0,0.0
0.0,0.0,149,0.0,0.0
0.0,0.0,569,0.0,0.0
0.0,0.0,518,0.0,0.0
0.0,0.0,410,0.0,0.0
0.0,0.0,0,0.0,0.0
0.0,0.0,345,0.0,0.0
0.0,0.0,385,0.0,0.0
0.0,0.0,306,0.0,0.0
0.0,0.0,354,0.0,0.0
0.0,0.0,551,0.0,0.0
0.0,0.0,0,0.0,0.0
0.0,0.0,439,0.0,0.0
0.0,0.0,0,0.0,0.0
0.0,0.0,436,0.0,0.0
0.0,0.0,0,0.0,0.0
0.0,0.0,347,0.0,0.0
0.0,0.0,0,0.0,0.0
0.0,0.0,258,0.0,0.0
0.0,0.0,0,0.0,0.0
0.0,0.0,0,0.0,0.0
0.0,0.0,331,0.0,0.0
0.0,0.0,331,0.0,0.0
0.0,0.0,331,0.0,0.0
0.0,0.0,331,0.0,0.0
0.0,0.0,403,0.0,0.0
0.0,0.0,430,0.0,0.0
0.0,0.0,430,0.0,0.0
0.0,0.0,0,0.0,0.0
0.0,0.0,0,0.0,0.0
0.0,0.0,465,0.0,0.0
0.0,0.0,166,0.0,0.0
0.0,0.0,254,0.0,0.0
0.0,0.0,0,0.0,0.0
0.0,0.0,0,0.0,0.0
0.0,0.0,337,0.0,0.0
0.0,0.0,525,0.0,0.0
0.0,0.0,231,0.0,0.0
0.0,0.0,377,0.0,0.0
0.0,0.0,358,0.0,0.0
0.0,0.0,358,0.0,0.0
0.0,0.0,502,0.0,0.0
0.0,0.0,208,0.0,0.0
0.0,0.0,396,0.0,0.0
0.0,0.0,225,0.0,0.0
0.0,0.0,225,0.0,0.0
0.0,0.0,506,0.0,0.0
0.0,0.0,408,0.0,0.0
0.0,0.0,629,0.0,0.0
0.0,0.0,495,0.0,0.0
0.0,0.0,244,0.0,0.0
0.0,0.0,277,0.0,0.0
0.0,0.0,0,0.0,0.0
0.0,0.0,297,0.0,0.0
0.0,0.0,201,0.0,0.0
0.0,0.0,554,0.0,0.0
0.0,0.0,814,0.0,0.0
0.0,0.0,445,0.0,0.0
0.0,0.0,445,0.0,0.0
0.0,0.0,277,0.0,0.0
0.0,0.0,253,0.0,0.0
0.0,0.0,452,0.0,0.0
0.0,0.0,152,0.0,0.0
0.0,0.0,264,0.0,0.0
0.0,0.0,503,0.0,0.0
0.0,0.0,144,0.0,0.0
0.0,0.0,543,0.0,0.0
0.0,0.0,433,0.0,0.0
0.0,0.0,313,0.0,0.0
0.0,0.0,384,0.0,0.0
0.0,0.0,0,0.0,0.0
0.0,0.0,0,0.0,0.0
0.0,0.0,508,0.0,0.0
0.0,0.0,0,0.0,0.0
0.0,0.0,0,0.0,0.0
0.0,0.0,206,0.0,0.0
0.0,0.0,0,0.0,0.0
0.0,0.0,476,0.0,0.0
0.0,0.0,543,0.0,0.0
0.0,0.0,0,0.0,0.0
0.0,0.0,330,0.0,0.0
0.0,0.0,390,0.0,0.0
0.0,0.0,411,0.0,0.0
0.0,0.0,225,0.0,0.0
0.0,0.0,400,0.0,0.0
0.0,0.0,426,0.0,0.0
0.0,0.0,427,0.0,0.0
0.0,0.0,345,0.0,0.0
0.0,0.0,415,0.0,0.0
0.0,0.0,0,0.0,0.0
0.0,0.0,457,0.0,0.0
0.0,0.0,6,0.0,0.0
0.0,0.0,113,0.0,0.0
0.0,0.0,551,0.0,0.0
0.0,0.0,663,0.0,0.0
0.0,0.0,245,0.0,0.0
0.0,0.0,551,0.0,0.0
0.0,0.0,366,0.0,0.0
0.0,0.0,348,0.0,0.0
0.0,0.0,355,0.0,0.0
0.0,0.0,573,0.0,0.0
0.0,0.0,0,0.0,0.0
0.0,0.0,250,0.0,0.0
0.0,0.0,0,0.0,0.0
0.0,0.0,407,0.0,0.0
0.0,0.0,39,0.0,0.0
0.0,0.0,169,0.0,0.0
0.0,0.0,186,0.0,0.0
0.0,0.0,291,0.0,0.0
0.0,0.0,370,0.0,0.0
0.0,0.0,97,0.0,0.0
0.0,0.0,284,0.0,0.0
0.0,0.0,318,0.0,0.0
0.0,0.0,383,0.0,0.0
0.0,0.0,466,0.0,0.0
0.0,0.0,466,0.0,0.0
0.0,0.0,95,0.0,0.0
0.0,0.0,300,0.0,0.0
0.0,0.0,258,0.0,0.0
0.0,0.0,116,0.0,0.0
0.0,0.0,218,0.0,0.0
0.0,0.0,224,0.0,0.0
0.0,0.0,237,0.0,0.0
0.0,0.0,1,0.0,0.0
0.0,0.0,1,0.0,0.0
0.0,0.0,0,0.0,0.0
0.0,0.0,37,0.0,0.0
0.0,0.0,265,0.0,0.0
0.0,0.0,0,0.0,0.0
0.0,0.0,320,0.0,0.0
0.0,0.0,318,0.0,0.0
0.0,0.0,0,0.0,0.0
0.0,0.0,5,0.0,0.0
0.0,0.0,405,0.0,0.0
0.0,0.0,0,0.0,0.0
0.0,0.0,321,0.0,0.0
0.0,0.0,434,0.0,0.0
0.0,0.0,263,0.0,0.0
0.0,0.0,419,0.0,0.0
0.0,0.0,265,0.0,0.0
0.0,0.0,419,0.0,0.0
0.0,0.0,309,0.0,0.0
0.0,0.0,234,0.0,0.0
0.0,0.0,330,0.0,0.0
0.0,0.0,132,0.0,0.0
0.0,0.0,203,0.0,0.0
0.0,0.0,157,0.0,0.0
0.0,0.0,157,0.0,0.0
0.0,0.0,222,0.0,0.0
0.0,0.0,428,0.0,0.0
0.0,0.0,345,0.0,0.0
0.0,0.0,0,0.0,0.0
0.0,0.0,225,0.0,0.0
0.0,0.0,391,0.0,0.0
0.0,0.0,501,0.0,0.0
0.0,0.0,0,0.0,0.0
0.0,0.0,453,0.0,0.0
0.0,0.0,323,0.0,0.0
0.0,0.0,567,0.0,0.0
0.0,0.0,191,0.0,0.0
0.0,0.0,529,0.0,0.0
0.0,0.0,374,0.0,0.0
0.0,0.0,246,0.0,0.0
0.0,0.0,613,0.0,0.0
0.0,0.0,310,0.0,0.0
0.0,0.0,544,0.0,0.0
0.0,0.0,502,0.0,0.0
0.0,0.0,187,0.0,0.0
0.0,0.0,187,0.0,0.0
0.0,0.0,315,0.0,0.0
0.0,0.0,2125,0.0,0.0
0.0,0.0,613,0.0,0.0
0.0,0.0,574,0.0,0.0
0.0,0.0,174,0.0,0.0
0.0,0.0,355,0.0,0.0
0.0,0.0,919,0.0,0.0
0.0,0.0,410,0.0,0.0
0.0,0.0,576,0.0,0.0
0.0,0.0,131,0.0,0.0
0.0,0.0,511,0.0,0.0
0.0,0.0,153,0.0,0.0
0.0,0.0,252,0.0,0.0
0.0,0.0,208,0.0,0.0
0.0,0.0,476,0.0,0.0
0.0,0.0,369,0.0,0.0
0.0,0.0,527,0.0,0.0
0.0,0.0,0,0.0,0.0
0.0,0.0,317,0.0,0.0
0.0,0.0,166,0.0,0.0
0.0,0.0,0,0.0,0.0
0.0,0.0,254,0.0,0.0
0.0,0.0,0,0.0,0.0
0.0,0.0,300,0.0,0.0
0.0,0.0,7,0.0,0.0
0.0,0.0,131,0.0,0.0
0.0,0.0,326,0.0,0.0
0.0,0.0,235,0.0,0.0
0.0,0.0,251,0.0,0.0
0.0,0.0,0,0.0,0.0
0.0,0.0,414,0.0,0.0
0.0,0.0,241,0.0,0.0
0.0,0.0,491,0.0,0.0
0.0,0.0,235,0.0,0.0
0.0,0.0,289,0.0,0.0
0.0,0.0,0,0.0,0.0
0.0,0.0,510,0.0,0.0
0.0,0.0,334,0.0,0.0
0.0,0.0,330,0.0,0.0
0.0,0.0,164,0.0,0.0
0.0,0.0,301,0.0,0.0
0.0,0.0,527,0.0,0.0
0.0,0.0,610,0.0,0.0
0.0,0.0,382,0.0,0.0
0.0,0.0,576,0.0,0.0
0.0,0.0,200,0.0,0.0
0.0,0.0,390,0.0,0.0
0.0,0.0,567,0.0,0.0
0.0,0.0,1345,0.0,0.0
0.0,0.0,590,0.0,0.0
0.0,0.0,524,0.0,0.0
0.0,0.0,509,0.0,0.0
0.0,0.0,294,0.0,0.0
0.0,0.0,1,0.0,0.0
0.0,0.0,286,0.0,0.0
0.0,0.0,480,0.0,0.0
0.0,0.0,456,0.0,0.0
0.0,0.0,308,0.0,0.0
0.0,0.0,307,0.0,0.0
0.0,0.0,474,0.0,0.0
0.0,0.0,541,0.0,0.0
0.0,0.0,2,0.0,0.0
0.0,0.0,188,0.0,0.0
0.0,0.0,0,0.0,0.0
0.0,0.0,0,0.0,0.0
0.0,0.0,16,0.0,0.0
0.0,0.0,642,0.0,0.0
0.0,0.0,392,0.0,0.0
0.0,0.0,540,0.0,0.0
0.0,0.0,540,0.0,0.0
0.0,0.0,410,0.0,0.0
0.0,0.0,551,0.0,0.0
0.0,0.0,0,0.0,0.0
0.0,0.0,0,0.0,0.0
0.0,0.0,0,0.0,0.0
0.0,0.0,0,0.0,0.0
0.0,0.0,452,0.0,0.0
0.0,0.0,543,0.0,0.0
0.0,0.0,112,0.0,0.0
0.0,0.0,490,0.0,0.0
0.0,0.0,179,0.0,0.0
0.0,0.0,68,0.0,0.0
0.0,0.0,331,0.0,0.0
0.0,0.0,520,0.0,0.0
0.0,0.0,363,0.0,0.0
0.0,0.0,1,0.0,0.0
0.0,0.0,259,0.0,0.0
0.0,0.0,0,0.0,0.0
0.0,0.0,333,0.0,0.0
0.0,0.0,396,0.0,0.0
0.0,0.0,0,0.0,0.0
0.0,0.0,310,0.0,0.0
0.0,0.0,510,0.0,0.0
0.0,0.0,447,0.0,0.0
0.0,0.0,300,0.0,0.0
0.0,0.0,561,0.0,0.0
0.0,0.0,387,0.0,0.0
0.0,0.0,580,0.0,0.0
0.0,0.0,370,0.0,0.0
0.0,0.0,131,0.0,0.0
0.0,0.0,0,0.0,0.0
0.0,0.0,177,0.0,0.0
0.0,0.0,584,0.0,0.0
0.0,0.0,175,0.0,0.0
0.0,0.0,462,0.0,0.0
0.0,0.0,432,0.0,0.0
0.0,0.0,143,0.0,0.0
0.0,0.0,156,0.0,0.0
0.0,0.0,457,0.0,0.0
0.0,0.0,405,0.0,0.0
0.0,0.0,549,0.0,0.0
0.0,0.0,995,0.0,0.0
0.0,0.0,513,0.0,0.0
0.0,0.0,253,0.0,0.0
0.0,0.0,328,0.0,0.0
0.0,0.0,440,0.0,0.0
0.0,0.0,338,0.0,0.0
0.0,0.0,0,0.0,0.0
0.0,0.0,262,0.0,0.0
0.0,0.0,0,0.0,0.0
0.0,0.0,147,0.0,0.0
0.0,0.0,0,0.0,0.0
0.0,0.0,544,0.0,0.0
0.0,0.0,0,0.0,0.0
0.0,0.0,267,0.0,0.0
0.0,0.0,491,0.0,0.0
0.0,0.0,103,0.0,0.0
0.0,0.0,319,0.0,0.0
0.0,0.0,426,0.0,0.0
0.0,0.0,269,0.0,0.0
0.0,0.0,564,0.0,0.0
0.0,0.0,426,0.0,0.0
0.0,0.0,140,0.0,0.0
0.0,0.0,568,0.0,0.0
0.0,0.0,0,0.0,0.0
0.0,0.0,0,0.0,0.0
0.0,0.0,501,0.0,0.0
0.0,0.0,402,0.0,0.0
0.0,0.0,0,0.0,0.0
0.0,0.0,0,0.0,0.0
0.0,0.0,0,0.0,0.0
0.0,0.0,0,0.0,0.0
0.0,0.0,194,0.0,0.0
0.0,0.0,167,0.0,0.0
0.0,0.0,408,0.0,0.0
0.0,0.0,351,0.0,0.0
0.0,0.0,285,0.0,0.0
0.0,0.0,514,0.0,0.0
0.0,0.0,787,0.0,0.0
0.0,0.0,502,0.0,0.0
0.0,0.0,562,0.0,0.0
0.0,0.0,295,0.0,0.0
0.0,0.0,382,0.0,0.0
0.0,0.0,568,0.0,0.0
0.0,0.0,179,0.0,0.0
0.0,0.0,317,0.0,0.0
0.0,0.0,297,0.0,0.0
0.0,0.0,305,0.0,0.0
0.0,0.0,360,0.0,0.0
0.0,0.0,434,0.0,0.0
0.0,0.0,481,0.0,0.0
0.0,0.0,599,0.0,0.0
0.0,0.0,483,0.0,0.0
0.0,0.0,269,0.0,0.0
0.0,0.0,600,0.0,0.0
0.0,0.0,691,0.0,0.0
0.0,0.0,691,0.0,0.0
0.0,0.0,544,0.0,0.0
0.0,0.0,463,0.0,0.0
0.0,0.0,425,0.0,0.0
0.0,0.0,541,0.0,0.0
0.0,0.0,286,0.0,0.0
0.0,0.0,132,0.0,0.0
0.0,0.0,646,0.0,0.0
0.0,0.0,180,0.0,0.0
0.0,0.0,99,0.0,0.0
0.0,0.0,0,0.0,0.0
0.0,0.0,0,0.0,0.0
0.0,0.0,155,0.0,0.0
0.0,0.0,646,0.0,0.0
0.0,0.0,310,0.0,0.0
0.0,0.0,291,0.0,0.0
0.0,0.0,267,0.0,0.0
0.0,0.0,267,0.0,0.0
0.0,0.0,427,0.0,0.0
0.0,0.0,574,0.0,0.0
0.0,0.0,389,0.0,0.0
0.0,0.0,300,0.0,0.0
0.0,0.0,375,0.0,0.0
0.0,0.0,400,0.0,0.0
0.0,0.0,94,0.0,0.0
0.0,0.0,535,0.0,0.0
0.0,0.0,533,0.0,0.0
0.0,0.0,621,0.0,0.0
0.0,0.0,434,0.0,0.0
0.0,0.0,53,0.0,0.0
0.0,0.0,166,0.0,0.0
0.0,0.0,277,0.0,0.0
0.0,0.0,0,0.0,0.0
0.0,0.0,193,0.0,0.0
0.0,0.0,262,0.0,0.0
0.0,0.0,311,0.0,0.0
0.0,0.0,311,0.0,0.0
0.0,0.0,349,0.0,0.0
0.0,0.0,0,0.0,0.0
0.0,0.0,195,0.0,0.0
0.0,0.0,496,0.0,0.0
0.0,0.0,199,0.0,0.0
0.0,0.0,414,0.0,0.0
0.0,0.0,374,0.0,0.0
0.0,0.0,282,0.0,0.0
0.0,0.0,169,0.0,0.0
0.0,0.0,259,0.0,0.0
0.0,0.0,166,0.0,0.0
0.0,0.0,163,0.0,0.0
0.0,0.0,245,0.0,0.0
0.0,0.0,382,0.0,0.0
0.0,0.0,322,0.0,0.0
0.0,0.0,287,0.0,0.0
0.0,0.0,245,0.0,0.0
0.0,0.0,380,0.0,0.0
0.0,0.0,198,0.0,0.0
0.0,0.0,332,0.0,0.0
0.0,0.0,332,0.0,0.0
0.0,0.0,469,0.0,0.0
0.0,0.0,345,0.0,0.0
0.0,0.0,332,0.0,0.0
0.0,0.0,469,0.0,0.0
0.0,0.0,454,0.0,0.0
0.0,0.0,454,0.0,0.0
0.0,0.0,1,0.0,0.0
0.0,0.0,454,0.0,0.0
0.0,0.0,412,0.0,0.0
0.0,0.0,565,0.0,0.0
0.0,0.0,350,0.0,0.0
0.0,0.0,146,0.0,0.0
0.0,0.0,145,0.0,0.0
0.0,0.0,786,0.0,0.0
0.0,0.0,747,0.0,0.0
0.0,0.0,565,0.0,0.0
0.0,0.0,618,0.0,0.0
0.0,0.0,294,0.0,0.0
0.0,0.0,294,0.0,0.0
0.0,0.0,406,0.0,0.0
0.0,0.0,424,0.0,0.0
0.0,0.0,111,0.0,0.0
0.0,0.0,566,0.0,0.0
0.0,0.0,504,0.0,0.0
0.0,0.0,663,0.0,0.0
0.0,0.0,663,0.0,0.0
0.0,0.0,0,0.0,0.0
0.0,0.0,300,0.0,0.0
0.0,0.0,425,0.0,0.0
0.0,0.0,478,0.0,0.0
0.0,0.0,327,0.0,0.0
0.0,0.0,518,0.0,0.0
0.0,0.0,512,0.0,0.0
0.0,0.0,101,0.0,0.0
0.0,0.0,196,0.0,0.0
0.0,0.0,512,0.0,0.0
0.0,0.0,0,0.0,0.0
0.0,0.0,151,0.0,0.0
0.0,0.0,1,0.0,0.0
0.0,0.0,310,0.0,0.0
0.0,0.0,506,0.0,0.0
0.0,0.0,0,0.0,0.0
0.0,0.0,523,0.0,0.0
0.0,0.0,307,0.0,0.0
0.0,0.0,437,0.0,0.0
0.0,0.0,260,0.0,0.0
0.0,0.0,168,0.0,0.0
0.0,0.0,393,0.0,0.0
0.0,0.0,365,0.0,0.0
0.0,0.0,469,0.0,0.0
0.0,0.0,467,0.0,0.0
0.0,0.0,595,0.0,0.0
0.0,0.0,334,0.0,0.0
0.0,0.0,471,0.0,0.0
0.0,0.0,470,0.0,0.0
0.0,0.0,490,0.0,0.0
0.0,0.0,504,0.0,0.0
0.0,0.0,506,0.0,0.0
0.0,0.0,207,0.0,0.0
0.0,0.0,0,0.0,0.0
0.0,0.0,252,0.0,0.0
0.0,0.0,168,0.0,0.0
0.0,0.0,472,0.0,0.0
0.0,0.0,127,0.0,0.0
0.0,0.0,487,0.0,0.0
0.0,0.0,319,0.0,0.0
0.0,0.0,440,0.0,0.0
0.0,0.0,449,0.0,0.0
0.0,0.0,0,0.0,0.0
0.0,0.0,0,0.0,0.0
0.0,0.0,421,0.0,0.0
0.0,0.0,340,0.0,0.0
0.0,0.0,431,0.0,0.0
0.0,0.0,202,0.0,0.0
0.0,0.0,0,0.0,0.0
0.0,0.0,316,0.0,0.0
0.0,0.0,191,0.0,0.0
0.0,0.0,17,0.0,0.0
0.0,0.0,337,0.0,0.0
0.0,0.0,342,0.0,0.0
0.0,0.0,340,0.0,0.0
0.0,0.0,0,0.0,0.0
0.0,0.0,484,0.0,0.0
0.0,0.0,339,0.0,0.0
0.0,0.0,343,0.0,0.0
0.0,0.0,193,0.0,0.0
0.0,0.0,179,0.0,0.0
0.0,0.0,415,0.0,0.0
0.0,0.0,213,0.0,0.0
0.0,0.0,425,0.0,0.0
0.0,0.0,341,0.0,0.0
0.0,0.0,317,0.0,0.0
0.0,0.0,387,0.0,0.0
0.0,0.0,0,0.0,0.0
0.0,0.0,179,0.0,0.0
0.0,0.0,263,0.0,0.0
0.0,0.0,314,0.0,0.0
0.0,0.0,473,0.0,0.0
0.0,0.0,219,0.0,0.0
0.0,0.0,333,0.0,0.0
0.0,0.0,342,0.0,0.0
0.0,0.0,23,0.0,0.0
0.0,0.0,274,0.0,0.0
0.0,0.0,856,0.0,0.0
0.0,0.0,427,0.0,0.0
0.0,0.0,0,0.0,0.0
0.0,0.0,684,0.0,0.0
0.0,0.0,439,0.0,0.0
0.0,0.0,207,0.0,0.0
0.0,0.0,254,0.0,0.0
0.0,0.0,734,0.0,0.0
0.0,0.0,283,0.0,0.0
0.0,0.0,303,0.0,0.0
0.0,0.0,402,0.0,0.0
0.0,0.0,163,0.0,0.0
0.0,0.0,395,0.0,0.0
0.0,0.0,862,0.0,0.0
0.0,0.0,488,0.0,0.0
0.0,0.0,171,0.0,0.0
0.0,0.0,227,0.0,0.0
0.0,0.0,367,0.0,0.0
0.0,0.0,128,0.0,0.0
0.0,0.0,464,0.0,0.0
0.0,0.0,506,0.0,0.0
0.0,0.0,122,0.0,0.0
0.0,0.0,284,0.0,0.0
0.0,0.0,264,0.0,0.0
0.0,0.0,132,0.0,0.0
0.0,0.0,346,0.0,0.0
0.0,0.0,282,0.0,0.0
0.0,0.0,340,0.0,0.0
0.0,0.0,282,0.0,0.0
0.0,0.0,329,0.0,0.0
0.0,0.0,390,0.0,0.0
0.0,0.0,487,0.0,0.0
0.0,0.0,505,0.0,0.0
0.0,0.0,301,0.0,0.0
0.0,0.0,200,0.0,0.0
0.0,0.0,488,0.0,0.0
0.0,0.0,130,0.0,0.0
0.0,0.0,76,0.0,0.0
0.0,0.0,553,0.0,0.0
0.0,0.0,530,0.0,0.0
0.0,0.0,24,0.0,0.0
0.0,0.0,504,0.0,0.0
0.0,0.0,414,0.0,0.0
0.0,0.0,433,0.0,0.0
0.0,0.0,311,0.0,0.0
0.0,0.0,366,0.0,0.0
0.0,0.0,540,0.0,0.0
0.0,0.0,4,0.0,0.0
0.0,0.0,0,0.0,0.0
0.0,0.0,0,0.0,0.0
0.0,0.0,439,0.0,0.0
0.0,0.0,5,0.0,0.0
0.0,0.0,474,0.0,0.0
0.0,0.0,239,0.0,0.0
0.0,0.0,463,0.0,0.0
0.0,0.0,463,0.0,0.0
0.0,0.0,463,0.0,0.0
0.0,0.0,75,0.0,0.0
0.0,0.0,0,0.0,0.0
0.0,0.0,582,0.0,0.0
0.0,0.0,582,0.0,0.0
0.0,0.0,595,0.0,0.0
0.0,0.0,87,0.0,0.0
0.0,0.0,0,0.0,0.0
0.0,0.0,0,0.0,0.0
0.0,0.0,0,0.0,0.0
0.0,0.0,69,0.0,0.0
0.0,0.0,0,0.0,0.0
0.0,0.0,0,0.0,0.0
0.0,0.0,0,0.0,0.0
0.0,0.0,0,0.0,0.0
0.0,0.0,0,0.0,0.0
0.0,0.0,0,0.0,0.0
0.0,0.0,95,0.0,0.0
0.0,0.0,95,0.0,0.0
0.0,0.0,0,0.0,0.0
0.0,0.0,0,0.0,0.0
0.0,0.0,8,0.0,0.0
0.0,0.0,0,0.0,0.0
0.0,0.0,98,0.0,0.0
0.0,0.0,307,0.0,0.0
0.0,0.0,0,0.0,0.0
0.0,0.0,0,0.0,0.0
0.0,0.0,0,0.0,0.0
0.0,0.0,11,0.0,0.0
0.0,0.0,253,0.0,0.0
0.0,0.0,11,0.0,0.0
0.0,0.0,0,0.0,0.0
0.0,0.0,0,0.0,0.0
0.0,0.0,0,0.0,0.0
0.0,0.0,0,0.0,0.0
0.0,0.0,0,0.0,0.0
0.0,0.0,0,0.0,0.0
0.0,0.0,89,0.0,0.0
0.0,0.0,0,0.0,0.0
0.0,0.0,0,0.0,0.0
0.0,0.0,0,0.0,0.0
0.0,0.0,0,0.0,0.0
0.0,0.0,0,0.0,0.0
0.0,0.0,0,0.0,0.0
0.0,0.0,0,0.0,0.0
0.0,0.0,8,0.0,0.0
0.0,0.0,217,0.0,0.0
0.0,0.0,0,0.0,0.0
0.0,0.0,228,0.0,0.0
0.0,0.0,0,0.0,0.0
0.0,0.0,0,0.0,0.0
0.0,0.0,98,0.0,0.0
0.0,0.0,0,0.0,0.0
0.0,0.0,0,0.0,0.0
